id,date,user,pc,filename,content
FIL-100010,2024-03-01 10:32:00,USER_BENIGN_ALICE,PC-ALI-01,C:\Users\USER_BENIGN_ALICE\Documents\report.docx,normal
FIL-100011,2024-03-01 09:21:00,USER_BENIGN_ALICE,PC-ALI-01,C:\Users\USER_BENIGN_ALICE\Documents\report.docx,normal
FIL-100012,2024-03-01 11:25:00,USER_BENIGN_ALICE,PC-ALI-01,C:\Users\USER_BENIGN_ALICE\Documents\report.docx,normal
FIL-100013,2024-03-01 11:29:00,USER_BENIGN_ALICE,PC-ALI-01,C:\Users\USER_BENIGN_ALICE\Documents\report.docx,normal
FIL-100022,2024-03-01 15:24:00,USER_INSIDER_MALORY,PC-MAL-01,C:\Users\USER_INSIDER_MALORY\Documents\report.docx,normal
FIL-100023,2024-03-01 13:34:00,USER_INSIDER_MALORY,PC-MAL-01,C:\Users\USER_INSIDER_MALORY\Documents\report.docx,normal
FIL-100024,2024-03-01 09:48:00,USER_INSIDER_MALORY,PC-MAL-01,C:\Users\USER_INSIDER_MALORY\Documents\report.docx,normal
FIL-100025,2024-03-01 09:11:00,USER_INSIDER_MALORY,PC-MAL-01,C:\Users\USER_INSIDER_MALORY\Documents\report.docx,normal
FIL-100026,2024-03-01 13:12:00,USER_INSIDER_MALORY,PC-MAL-01,C:\Users\USER_INSIDER_MALORY\Documents\report.docx,normal
FIL-100027,2024-03-01 09:55:00,USER_INSIDER_MALORY,PC-MAL-01,C:\Users\USER_INSIDER_MALORY\Documents\report.docx,normal
FIL-100039,2024-03-01 15:14:00,USER_INSIDER_BOB,PC-BOB-01,C:\Users\USER_INSIDER_BOB\Documents\report.docx,normal
FIL-100040,2024-03-01 15:35:00,USER_INSIDER_BOB,PC-BOB-01,C:\Users\USER_INSIDER_BOB\Documents\report.docx,normal
FIL-100041,2024-03-01 10:15:00,USER_INSIDER_BOB,PC-BOB-01,C:\Users\USER_INSIDER_BOB\Documents\report.docx,normal
FIL-100053,2024-03-01 12:19:00,USER_PEER_CHARLIE,PC-CHA-01,C:\Users\USER_PEER_CHARLIE\Documents\report.docx,normal
FIL-100054,2024-03-01 10:24:00,USER_PEER_CHARLIE,PC-CHA-01,C:\Users\USER_PEER_CHARLIE\Documents\report.docx,normal
FIL-100055,2024-03-01 13:47:00,USER_PEER_CHARLIE,PC-CHA-01,C:\Users\USER_PEER_CHARLIE\Documents\report.docx,normal
FIL-100056,2024-03-01 15:13:00,USER_PEER_CHARLIE,PC-CHA-01,C:\Users\USER_PEER_CHARLIE\Documents\report.docx,normal
FIL-100066,2024-03-01 10:58:00,USER_PEER_DIANA,PC-DIA-01,C:\Users\USER_PEER_DIANA\Documents\report.docx,normal
FIL-100067,2024-03-01 11:11:00,USER_PEER_DIANA,PC-DIA-01,C:\Users\USER_PEER_DIANA\Documents\report.docx,normal
FIL-100068,2024-03-01 12:34:00,USER_PEER_DIANA,PC-DIA-01,C:\Users\USER_PEER_DIANA\Documents\report.docx,normal
FIL-100069,2024-03-01 11:34:00,USER_PEER_DIANA,PC-DIA-01,C:\Users\USER_PEER_DIANA\Documents\report.docx,normal
FIL-100081,2024-03-01 09:48:00,USER_PEER_EDWARD,PC-EDW-01,C:\Users\USER_PEER_EDWARD\Documents\report.docx,normal
FIL-100082,2024-03-01 13:19:00,USER_PEER_EDWARD,PC-EDW-01,C:\Users\USER_PEER_EDWARD\Documents\report.docx,normal
FIL-100083,2024-03-01 09:10:00,USER_PEER_EDWARD,PC-EDW-01,C:\Users\USER_PEER_EDWARD\Documents\report.docx,normal
FIL-100084,2024-03-01 12:17:00,USER_PEER_EDWARD,PC-EDW-01,C:\Users\USER_PEER_EDWARD\Documents\report.docx,normal
FIL-100098,2024-03-04 10:30:00,USER_BENIGN_ALICE,PC-ALI-01,C:\Users\USER_BENIGN_ALICE\Documents\report.docx,normal
FIL-100099,2024-03-04 14:38:00,USER_BENIGN_ALICE,PC-ALI-01,C:\Users\USER_BENIGN_ALICE\Documents\report.docx,normal
FIL-100100,2024-03-04 13:26:00,USER_BENIGN_ALICE,PC-ALI-01,C:\Users\USER_BENIGN_ALICE\Documents\report.docx,normal
FIL-100111,2024-03-04 11:27:00,USER_INSIDER_MALORY,PC-MAL-01,C:\Users\USER_INSIDER_MALORY\Documents\report.docx,normal
FIL-100112,2024-03-04 12:47:00,USER_INSIDER_MALORY,PC-MAL-01,C:\Users\USER_INSIDER_MALORY\Documents\report.docx,normal
FIL-100113,2024-03-04 12:30:00,USER_INSIDER_MALORY,PC-MAL-01,C:\Users\USER_INSIDER_MALORY\Documents\report.docx,normal
FIL-100114,2024-03-04 15:53:00,USER_INSIDER_MALORY,PC-MAL-01,C:\Users\USER_INSIDER_MALORY\Documents\report.docx,normal
FIL-100115,2024-03-04 14:23:00,USER_INSIDER_MALORY,PC-MAL-01,C:\Users\USER_INSIDER_MALORY\Documents\report.docx,normal
FIL-100129,2024-03-04 10:57:00,USER_INSIDER_BOB,PC-BOB-01,C:\Users\USER_INSIDER_BOB\Documents\report.docx,normal
FIL-100130,2024-03-04 10:34:00,USER_INSIDER_BOB,PC-BOB-01,C:\Users\USER_INSIDER_BOB\Documents\report.docx,normal
FIL-100131,2024-03-04 10:29:00,USER_INSIDER_BOB,PC-BOB-01,C:\Users\USER_INSIDER_BOB\Documents\report.docx,normal
FIL-100142,2024-03-04 14:42:00,USER_PEER_CHARLIE,PC-CHA-01,C:\Users\USER_PEER_CHARLIE\Documents\report.docx,normal
FIL-100143,2024-03-04 11:17:00,USER_PEER_CHARLIE,PC-CHA-01,C:\Users\USER_PEER_CHARLIE\Documents\report.docx,normal
FIL-100144,2024-03-04 10:10:00,USER_PEER_CHARLIE,PC-CHA-01,C:\Users\USER_PEER_CHARLIE\Documents\report.docx,normal
FIL-100145,2024-03-04 14:24:00,USER_PEER_CHARLIE,PC-CHA-01,C:\Users\USER_PEER_CHARLIE\Documents\report.docx,normal
FIL-100146,2024-03-04 14:47:00,USER_PEER_CHARLIE,PC-CHA-01,C:\Users\USER_PEER_CHARLIE\Documents\report.docx,normal
FIL-100147,2024-03-04 10:57:00,USER_PEER_CHARLIE,PC-CHA-01,C:\Users\USER_PEER_CHARLIE\Documents\report.docx,normal
FIL-100159,2024-03-04 11:26:00,USER_PEER_DIANA,PC-DIA-01,C:\Users\USER_PEER_DIANA\Documents\report.docx,normal
FIL-100160,2024-03-04 09:50:00,USER_PEER_DIANA,PC-DIA-01,C:\Users\USER_PEER_DIANA\Documents\report.docx,normal
FIL-100161,2024-03-04 15:49:00,USER_PEER_DIANA,PC-DIA-01,C:\Users\USER_PEER_DIANA\Documents\report.docx,normal
FIL-100162,2024-03-04 12:27:00,USER_PEER_DIANA,PC-DIA-01,C:\Users\USER_PEER_DIANA\Documents\report.docx,normal
FIL-100163,2024-03-04 13:54:00,USER_PEER_DIANA,PC-DIA-01,C:\Users\USER_PEER_DIANA\Documents\report.docx,normal
FIL-100174,2024-03-04 15:16:00,USER_PEER_EDWARD,PC-EDW-01,C:\Users\USER_PEER_EDWARD\Documents\report.docx,normal
FIL-100175,2024-03-04 12:58:00,USER_PEER_EDWARD,PC-EDW-01,C:\Users\USER_PEER_EDWARD\Documents\report.docx,normal
FIL-100176,2024-03-04 12:39:00,USER_PEER_EDWARD,PC-EDW-01,C:\Users\USER_PEER_EDWARD\Documents\report.docx,normal
FIL-100177,2024-03-04 11:33:00,USER_PEER_EDWARD,PC-EDW-01,C:\Users\USER_PEER_EDWARD\Documents\report.docx,normal
FIL-100178,2024-03-04 13:25:00,USER_PEER_EDWARD,PC-EDW-01,C:\Users\USER_PEER_EDWARD\Documents\report.docx,normal
FIL-100179,2024-03-04 09:52:00,USER_PEER_EDWARD,PC-EDW-01,C:\Users\USER_PEER_EDWARD\Documents\report.docx,normal
FIL-100193,2024-03-05 11:10:00,USER_BENIGN_ALICE,PC-ALI-01,C:\Users\USER_BENIGN_ALICE\Documents\report.docx,normal
FIL-100194,2024-03-05 10:21:00,USER_BENIGN_ALICE,PC-ALI-01,C:\Users\USER_BENIGN_ALICE\Documents\report.docx,normal
FIL-100195,2024-03-05 09:47:00,USER_BENIGN_ALICE,PC-ALI-01,C:\Users\USER_BENIGN_ALICE\Documents\report.docx,normal
FIL-100196,2024-03-05 14:10:00,USER_BENIGN_ALICE,PC-ALI-01,C:\Users\USER_BENIGN_ALICE\Documents\report.docx,normal
FIL-100210,2024-03-05 09:10:00,USER_INSIDER_MALORY,PC-MAL-01,C:\Users\USER_INSIDER_MALORY\Documents\report.docx,normal
FIL-100211,2024-03-05 13:10:00,USER_INSIDER_MALORY,PC-MAL-01,C:\Users\USER_INSIDER_MALORY\Documents\report.docx,normal
FIL-100212,2024-03-05 13:40:00,USER_INSIDER_MALORY,PC-MAL-01,C:\Users\USER_INSIDER_MALORY\Documents\report.docx,normal
FIL-100213,2024-03-05 15:16:00,USER_INSIDER_MALORY,PC-MAL-01,C:\Users\USER_INSIDER_MALORY\Documents\report.docx,normal
FIL-100214,2024-03-05 09:28:00,USER_INSIDER_MALORY,PC-MAL-01,C:\Users\USER_INSIDER_MALORY\Documents\report.docx,normal
FIL-100215,2024-03-05 09:54:00,USER_INSIDER_MALORY,PC-MAL-01,C:\Users\USER_INSIDER_MALORY\Documents\report.docx,normal
FIL-100228,2024-03-05 13:21:00,USER_INSIDER_BOB,PC-BOB-01,C:\Users\USER_INSIDER_BOB\Documents\report.docx,normal
FIL-100229,2024-03-05 15:45:00,USER_INSIDER_BOB,PC-BOB-01,C:\Users\USER_INSIDER_BOB\Documents\report.docx,normal
FIL-100230,2024-03-05 11:42:00,USER_INSIDER_BOB,PC-BOB-01,C:\Users\USER_INSIDER_BOB\Documents\report.docx,normal
FIL-100231,2024-03-05 15:37:00,USER_INSIDER_BOB,PC-BOB-01,C:\Users\USER_INSIDER_BOB\Documents\report.docx,normal
FIL-100232,2024-03-05 13:51:00,USER_INSIDER_BOB,PC-BOB-01,C:\Users\USER_INSIDER_BOB\Documents\report.docx,normal
FIL-100233,2024-03-05 11:55:00,USER_INSIDER_BOB,PC-BOB-01,C:\Users\USER_INSIDER_BOB\Documents\report.docx,normal
FIL-100243,2024-03-05 14:16:00,USER_PEER_CHARLIE,PC-CHA-01,C:\Users\USER_PEER_CHARLIE\Documents\report.docx,normal
FIL-100244,2024-03-05 15:33:00,USER_PEER_CHARLIE,PC-CHA-01,C:\Users\USER_PEER_CHARLIE\Documents\report.docx,normal
FIL-100245,2024-03-05 12:25:00,USER_PEER_CHARLIE,PC-CHA-01,C:\Users\USER_PEER_CHARLIE\Documents\report.docx,normal
FIL-100246,2024-03-05 15:48:00,USER_PEER_CHARLIE,PC-CHA-01,C:\Users\USER_PEER_CHARLIE\Documents\report.docx,normal
FIL-100247,2024-03-05 11:24:00,USER_PEER_CHARLIE,PC-CHA-01,C:\Users\USER_PEER_CHARLIE\Documents\report.docx,normal
FIL-100257,2024-03-05 15:50:00,USER_PEER_DIANA,PC-DIA-01,C:\Users\USER_PEER_DIANA\Documents\report.docx,normal
FIL-100258,2024-03-05 12:29:00,USER_PEER_DIANA,PC-DIA-01,C:\Users\USER_PEER_DIANA\Documents\report.docx,normal
FIL-100259,2024-03-05 13:50:00,USER_PEER_DIANA,PC-DIA-01,C:\Users\USER_PEER_DIANA\Documents\report.docx,normal
FIL-100273,2024-03-05 09:48:00,USER_PEER_EDWARD,PC-EDW-01,C:\Users\USER_PEER_EDWARD\Documents\report.docx,normal
FIL-100274,2024-03-05 10:33:00,USER_PEER_EDWARD,PC-EDW-01,C:\Users\USER_PEER_EDWARD\Documents\report.docx,normal
FIL-100275,2024-03-05 15:48:00,USER_PEER_EDWARD,PC-EDW-01,C:\Users\USER_PEER_EDWARD\Documents\report.docx,normal
FIL-100276,2024-03-05 10:25:00,USER_PEER_EDWARD,PC-EDW-01,C:\Users\USER_PEER_EDWARD\Documents\report.docx,normal
FIL-100277,2024-03-05 10:10:00,USER_PEER_EDWARD,PC-EDW-01,C:\Users\USER_PEER_EDWARD\Documents\report.docx,normal
FIL-100289,2024-03-06 13:41:00,USER_BENIGN_ALICE,PC-ALI-01,C:\Users\USER_BENIGN_ALICE\Documents\report.docx,normal
FIL-100290,2024-03-06 13:40:00,USER_BENIGN_ALICE,PC-ALI-01,C:\Users\USER_BENIGN_ALICE\Documents\report.docx,normal
FIL-100291,2024-03-06 09:25:00,USER_BENIGN_ALICE,PC-ALI-01,C:\Users\USER_BENIGN_ALICE\Documents\report.docx,normal
FIL-100292,2024-03-06 09:40:00,USER_BENIGN_ALICE,PC-ALI-01,C:\Users\USER_BENIGN_ALICE\Documents\report.docx,normal
FIL-100293,2024-03-06 15:35:00,USER_BENIGN_ALICE,PC-ALI-01,C:\Users\USER_BENIGN_ALICE\Documents\report.docx,normal
FIL-100307,2024-03-06 12:12:00,USER_INSIDER_MALORY,PC-MAL-01,C:\Users\USER_INSIDER_MALORY\Documents\report.docx,normal
FIL-100308,2024-03-06 09:53:00,USER_INSIDER_MALORY,PC-MAL-01,C:\Users\USER_INSIDER_MALORY\Documents\report.docx,normal
FIL-100309,2024-03-06 12:48:00,USER_INSIDER_MALORY,PC-MAL-01,C:\Users\USER_INSIDER_MALORY\Documents\report.docx,normal
FIL-100322,2024-03-06 12:30:00,USER_INSIDER_BOB,PC-BOB-01,C:\Users\USER_INSIDER_BOB\Documents\report.docx,normal
FIL-100323,2024-03-06 10:30:00,USER_INSIDER_BOB,PC-BOB-01,C:\Users\USER_INSIDER_BOB\Documents\report.docx,normal
FIL-100324,2024-03-06 14:33:00,USER_INSIDER_BOB,PC-BOB-01,C:\Users\USER_INSIDER_BOB\Documents\report.docx,normal
FIL-100333,2024-03-06 11:34:00,USER_PEER_CHARLIE,PC-CHA-01,C:\Users\USER_PEER_CHARLIE\Documents\report.docx,normal
FIL-100334,2024-03-06 09:31:00,USER_PEER_CHARLIE,PC-CHA-01,C:\Users\USER_PEER_CHARLIE\Documents\report.docx,normal
FIL-100335,2024-03-06 15:48:00,USER_PEER_CHARLIE,PC-CHA-01,C:\Users\USER_PEER_CHARLIE\Documents\report.docx,normal
FIL-100336,2024-03-06 12:33:00,USER_PEER_CHARLIE,PC-CHA-01,C:\Users\USER_PEER_CHARLIE\Documents\report.docx,normal
FIL-100349,2024-03-06 11:11:00,USER_PEER_DIANA,PC-DIA-01,C:\Users\USER_PEER_DIANA\Documents\report.docx,normal
FIL-100350,2024-03-06 10:54:00,USER_PEER_DIANA,PC-DIA-01,C:\Users\USER_PEER_DIANA\Documents\report.docx,normal
FIL-100351,2024-03-06 15:47:00,USER_PEER_DIANA,PC-DIA-01,C:\Users\USER_PEER_DIANA\Documents\report.docx,normal
FIL-100352,2024-03-06 13:33:00,USER_PEER_DIANA,PC-DIA-01,C:\Users\USER_PEER_DIANA\Documents\report.docx,normal
FIL-100361,2024-03-06 12:22:00,USER_PEER_EDWARD,PC-EDW-01,C:\Users\USER_PEER_EDWARD\Documents\report.docx,normal
FIL-100362,2024-03-06 10:11:00,USER_PEER_EDWARD,PC-EDW-01,C:\Users\USER_PEER_EDWARD\Documents\report.docx,normal
FIL-100363,2024-03-06 10:46:00,USER_PEER_EDWARD,PC-EDW-01,C:\Users\USER_PEER_EDWARD\Documents\report.docx,normal
FIL-100364,2024-03-06 15:27:00,USER_PEER_EDWARD,PC-EDW-01,C:\Users\USER_PEER_EDWARD\Documents\report.docx,normal
FIL-100365,2024-03-06 14:54:00,USER_PEER_EDWARD,PC-EDW-01,C:\Users\USER_PEER_EDWARD\Documents\report.docx,normal
FIL-100366,2024-03-06 15:21:00,USER_PEER_EDWARD,PC-EDW-01,C:\Users\USER_PEER_EDWARD\Documents\report.docx,normal
FIL-100375,2024-03-07 09:25:00,USER_BENIGN_ALICE,PC-ALI-01,C:\Users\USER_BENIGN_ALICE\Documents\report.docx,normal
FIL-100376,2024-03-07 12:12:00,USER_BENIGN_ALICE,PC-ALI-01,C:\Users\USER_BENIGN_ALICE\Documents\report.docx,normal
FIL-100377,2024-03-07 10:12:00,USER_BENIGN_ALICE,PC-ALI-01,C:\Users\USER_BENIGN_ALICE\Documents\report.docx,normal
FIL-100378,2024-03-07 10:49:00,USER_BENIGN_ALICE,PC-ALI-01,C:\Users\USER_BENIGN_ALICE\Documents\report.docx,normal
FIL-100391,2024-03-07 12:54:00,USER_INSIDER_MALORY,PC-MAL-01,C:\Users\USER_INSIDER_MALORY\Documents\report.docx,normal
FIL-100392,2024-03-07 11:12:00,USER_INSIDER_MALORY,PC-MAL-01,C:\Users\USER_INSIDER_MALORY\Documents\report.docx,normal
FIL-100393,2024-03-07 09:49:00,USER_INSIDER_MALORY,PC-MAL-01,C:\Users\USER_INSIDER_MALORY\Documents\report.docx,normal
FIL-100402,2024-03-07 15:13:00,USER_INSIDER_BOB,PC-BOB-01,C:\Users\USER_INSIDER_BOB\Documents\report.docx,normal
FIL-100403,2024-03-07 09:27:00,USER_INSIDER_BOB,PC-BOB-01,C:\Users\USER_INSIDER_BOB\Documents\report.docx,normal
FIL-100404,2024-03-07 13:13:00,USER_INSIDER_BOB,PC-BOB-01,C:\Users\USER_INSIDER_BOB\Documents\report.docx,normal
FIL-100405,2024-03-07 10:13:00,USER_INSIDER_BOB,PC-BOB-01,C:\Users\USER_INSIDER_BOB\Documents\report.docx,normal
FIL-100406,2024-03-07 10:42:00,USER_INSIDER_BOB,PC-BOB-01,C:\Users\USER_INSIDER_BOB\Documents\report.docx,normal
FIL-100415,2024-03-07 11:48:00,USER_PEER_CHARLIE,PC-CHA-01,C:\Users\USER_PEER_CHARLIE\Documents\report.docx,normal
FIL-100416,2024-03-07 09:58:00,USER_PEER_CHARLIE,PC-CHA-01,C:\Users\USER_PEER_CHARLIE\Documents\report.docx,normal
FIL-100417,2024-03-07 09:26:00,USER_PEER_CHARLIE,PC-CHA-01,C:\Users\USER_PEER_CHARLIE\Documents\report.docx,normal
FIL-100418,2024-03-07 10:14:00,USER_PEER_CHARLIE,PC-CHA-01,C:\Users\USER_PEER_CHARLIE\Documents\report.docx,normal
FIL-100419,2024-03-07 11:23:00,USER_PEER_CHARLIE,PC-CHA-01,C:\Users\USER_PEER_CHARLIE\Documents\report.docx,normal
FIL-100433,2024-03-07 09:35:00,USER_PEER_DIANA,PC-DIA-01,C:\Users\USER_PEER_DIANA\Documents\report.docx,normal
FIL-100434,2024-03-07 15:16:00,USER_PEER_DIANA,PC-DIA-01,C:\Users\USER_PEER_DIANA\Documents\report.docx,normal
FIL-100435,2024-03-07 13:21:00,USER_PEER_DIANA,PC-DIA-01,C:\Users\USER_PEER_DIANA\Documents\report.docx,normal
FIL-100436,2024-03-07 15:32:00,USER_PEER_DIANA,PC-DIA-01,C:\Users\USER_PEER_DIANA\Documents\report.docx,normal
FIL-100437,2024-03-07 10:14:00,USER_PEER_DIANA,PC-DIA-01,C:\Users\USER_PEER_DIANA\Documents\report.docx,normal
FIL-100438,2024-03-07 14:36:00,USER_PEER_DIANA,PC-DIA-01,C:\Users\USER_PEER_DIANA\Documents\report.docx,normal
FIL-100447,2024-03-07 14:38:00,USER_PEER_EDWARD,PC-EDW-01,C:\Users\USER_PEER_EDWARD\Documents\report.docx,normal
FIL-100448,2024-03-07 15:24:00,USER_PEER_EDWARD,PC-EDW-01,C:\Users\USER_PEER_EDWARD\Documents\report.docx,normal
FIL-100449,2024-03-07 13:51:00,USER_PEER_EDWARD,PC-EDW-01,C:\Users\USER_PEER_EDWARD\Documents\report.docx,normal
FIL-100463,2024-03-08 11:13:00,USER_BENIGN_ALICE,PC-ALI-01,C:\Users\USER_BENIGN_ALICE\Documents\report.docx,normal
FIL-100464,2024-03-08 09:42:00,USER_BENIGN_ALICE,PC-ALI-01,C:\Users\USER_BENIGN_ALICE\Documents\report.docx,normal
FIL-100465,2024-03-08 13:56:00,USER_BENIGN_ALICE,PC-ALI-01,C:\Users\USER_BENIGN_ALICE\Documents\report.docx,normal
FIL-100466,2024-03-08 10:13:00,USER_BENIGN_ALICE,PC-ALI-01,C:\Users\USER_BENIGN_ALICE\Documents\report.docx,normal
FIL-100467,2024-03-08 12:16:00,USER_BENIGN_ALICE,PC-ALI-01,C:\Users\USER_BENIGN_ALICE\Documents\report.docx,normal
FIL-100476,2024-03-08 10:56:00,USER_INSIDER_MALORY,PC-MAL-01,C:\Users\USER_INSIDER_MALORY\Documents\report.docx,normal
FIL-100477,2024-03-08 11:15:00,USER_INSIDER_MALORY,PC-MAL-01,C:\Users\USER_INSIDER_MALORY\Documents\report.docx,normal
FIL-100478,2024-03-08 14:47:00,USER_INSIDER_MALORY,PC-MAL-01,C:\Users\USER_INSIDER_MALORY\Documents\report.docx,normal
FIL-100487,2024-03-08 14:21:00,USER_INSIDER_BOB,PC-BOB-01,C:\Users\USER_INSIDER_BOB\Documents\report.docx,normal
FIL-100488,2024-03-08 13:35:00,USER_INSIDER_BOB,PC-BOB-01,C:\Users\USER_INSIDER_BOB\Documents\report.docx,normal
FIL-100489,2024-03-08 09:42:00,USER_INSIDER_BOB,PC-BOB-01,C:\Users\USER_INSIDER_BOB\Documents\report.docx,normal
FIL-100490,2024-03-08 13:48:00,USER_INSIDER_BOB,PC-BOB-01,C:\Users\USER_INSIDER_BOB\Documents\report.docx,normal
FIL-100491,2024-03-08 11:46:00,USER_INSIDER_BOB,PC-BOB-01,C:\Users\USER_INSIDER_BOB\Documents\report.docx,normal
FIL-100500,2024-03-08 15:33:00,USER_PEER_CHARLIE,PC-CHA-01,C:\Users\USER_PEER_CHARLIE\Documents\report.docx,normal
FIL-100501,2024-03-08 12:16:00,USER_PEER_CHARLIE,PC-CHA-01,C:\Users\USER_PEER_CHARLIE\Documents\report.docx,normal
FIL-100502,2024-03-08 12:10:00,USER_PEER_CHARLIE,PC-CHA-01,C:\Users\USER_PEER_CHARLIE\Documents\report.docx,normal
FIL-100503,2024-03-08 11:16:00,USER_PEER_CHARLIE,PC-CHA-01,C:\Users\USER_PEER_CHARLIE\Documents\report.docx,normal
FIL-100504,2024-03-08 11:44:00,USER_PEER_CHARLIE,PC-CHA-01,C:\Users\USER_PEER_CHARLIE\Documents\report.docx,normal
FIL-100513,2024-03-08 13:17:00,USER_PEER_DIANA,PC-DIA-01,C:\Users\USER_PEER_DIANA\Documents\report.docx,normal
FIL-100514,2024-03-08 10:49:00,USER_PEER_DIANA,PC-DIA-01,C:\Users\USER_PEER_DIANA\Documents\report.docx,normal
FIL-100515,2024-03-08 15:26:00,USER_PEER_DIANA,PC-DIA-01,C:\Users\USER_PEER_DIANA\Documents\report.docx,normal
FIL-100525,2024-03-08 10:49:00,USER_PEER_EDWARD,PC-EDW-01,C:\Users\USER_PEER_EDWARD\Documents\report.docx,normal
FIL-100526,2024-03-08 15:24:00,USER_PEER_EDWARD,PC-EDW-01,C:\Users\USER_PEER_EDWARD\Documents\report.docx,normal
FIL-100527,2024-03-08 13:29:00,USER_PEER_EDWARD,PC-EDW-01,C:\Users\USER_PEER_EDWARD\Documents\report.docx,normal
FIL-100528,2024-03-08 14:44:00,USER_PEER_EDWARD,PC-EDW-01,C:\Users\USER_PEER_EDWARD\Documents\report.docx,normal
FIL-100529,2024-03-08 12:30:00,USER_PEER_EDWARD,PC-EDW-01,C:\Users\USER_PEER_EDWARD\Documents\report.docx,normal
FIL-100538,2024-03-11 10:47:00,USER_BENIGN_ALICE,PC-ALI-01,C:\Users\USER_BENIGN_ALICE\Documents\report.docx,normal
FIL-100539,2024-03-11 09:53:00,USER_BENIGN_ALICE,PC-ALI-01,C:\Users\USER_BENIGN_ALICE\Documents\report.docx,normal
FIL-100540,2024-03-11 10:43:00,USER_BENIGN_ALICE,PC-ALI-01,C:\Users\USER_BENIGN_ALICE\Documents\report.docx,normal
FIL-100541,2024-03-11 13:38:00,USER_BENIGN_ALICE,PC-ALI-01,C:\Users\USER_BENIGN_ALICE\Documents\report.docx,normal
FIL-100551,2024-03-11 11:15:00,USER_INSIDER_MALORY,PC-MAL-01,C:\Users\USER_INSIDER_MALORY\Documents\report.docx,normal
FIL-100552,2024-03-11 13:36:00,USER_INSIDER_MALORY,PC-MAL-01,C:\Users\USER_INSIDER_MALORY\Documents\report.docx,normal
FIL-100553,2024-03-11 15:41:00,USER_INSIDER_MALORY,PC-MAL-01,C:\Users\USER_INSIDER_MALORY\Documents\report.docx,normal
FIL-100564,2024-03-11 09:12:00,USER_INSIDER_BOB,PC-BOB-01,C:\Users\USER_INSIDER_BOB\Documents\report.docx,normal
FIL-100565,2024-03-11 13:38:00,USER_INSIDER_BOB,PC-BOB-01,C:\Users\USER_INSIDER_BOB\Documents\report.docx,normal
FIL-100566,2024-03-11 11:20:00,USER_INSIDER_BOB,PC-BOB-01,C:\Users\USER_INSIDER_BOB\Documents\report.docx,normal
FIL-100567,2024-03-11 14:18:00,USER_INSIDER_BOB,PC-BOB-01,C:\Users\USER_INSIDER_BOB\Documents\report.docx,normal
FIL-100576,2024-03-11 09:45:00,USER_PEER_CHARLIE,PC-CHA-01,C:\Users\USER_PEER_CHARLIE\Documents\report.docx,normal
FIL-100577,2024-03-11 09:28:00,USER_PEER_CHARLIE,PC-CHA-01,C:\Users\USER_PEER_CHARLIE\Documents\report.docx,normal
FIL-100578,2024-03-11 11:37:00,USER_PEER_CHARLIE,PC-CHA-01,C:\Users\USER_PEER_CHARLIE\Documents\report.docx,normal
FIL-100579,2024-03-11 09:23:00,USER_PEER_CHARLIE,PC-CHA-01,C:\Users\USER_PEER_CHARLIE\Documents\report.docx,normal
FIL-100580,2024-03-11 12:47:00,USER_PEER_CHARLIE,PC-CHA-01,C:\Users\USER_PEER_CHARLIE\Documents\report.docx,normal
FIL-100581,2024-03-11 15:58:00,USER_PEER_CHARLIE,PC-CHA-01,C:\Users\USER_PEER_CHARLIE\Documents\report.docx,normal
FIL-100591,2024-03-11 10:25:00,USER_PEER_DIANA,PC-DIA-01,C:\Users\USER_PEER_DIANA\Documents\report.docx,normal
FIL-100592,2024-03-11 09:30:00,USER_PEER_DIANA,PC-DIA-01,C:\Users\USER_PEER_DIANA\Documents\report.docx,normal
FIL-100593,2024-03-11 12:17:00,USER_PEER_DIANA,PC-DIA-01,C:\Users\USER_PEER_DIANA\Documents\report.docx,normal
FIL-100594,2024-03-11 09:19:00,USER_PEER_DIANA,PC-DIA-01,C:\Users\USER_PEER_DIANA\Documents\report.docx,normal
FIL-100595,2024-03-11 09:16:00,USER_PEER_DIANA,PC-DIA-01,C:\Users\USER_PEER_DIANA\Documents\report.docx,normal
FIL-100596,2024-03-11 10:19:00,USER_PEER_DIANA,PC-DIA-01,C:\Users\USER_PEER_DIANA\Documents\report.docx,normal
FIL-100606,2024-03-11 10:48:00,USER_PEER_EDWARD,PC-EDW-01,C:\Users\USER_PEER_EDWARD\Documents\report.docx,normal
FIL-100607,2024-03-11 09:40:00,USER_PEER_EDWARD,PC-EDW-01,C:\Users\USER_PEER_EDWARD\Documents\report.docx,normal
FIL-100608,2024-03-11 15:19:00,USER_PEER_EDWARD,PC-EDW-01,C:\Users\USER_PEER_EDWARD\Documents\report.docx,normal
FIL-100609,2024-03-11 13:51:00,USER_PEER_EDWARD,PC-EDW-01,C:\Users\USER_PEER_EDWARD\Documents\report.docx,normal
FIL-100610,2024-03-11 15:47:00,USER_PEER_EDWARD,PC-EDW-01,C:\Users\USER_PEER_EDWARD\Documents\report.docx,normal
FIL-100611,2024-03-11 11:47:00,USER_PEER_EDWARD,PC-EDW-01,C:\Users\USER_PEER_EDWARD\Documents\report.docx,normal
FIL-100622,2024-03-12 12:39:00,USER_BENIGN_ALICE,PC-ALI-01,C:\Users\USER_BENIGN_ALICE\Documents\report.docx,normal
FIL-100623,2024-03-12 14:31:00,USER_BENIGN_ALICE,PC-ALI-01,C:\Users\USER_BENIGN_ALICE\Documents\report.docx,normal
FIL-100624,2024-03-12 12:24:00,USER_BENIGN_ALICE,PC-ALI-01,C:\Users\USER_BENIGN_ALICE\Documents\report.docx,normal
FIL-100625,2024-03-12 10:26:00,USER_BENIGN_ALICE,PC-ALI-01,C:\Users\USER_BENIGN_ALICE\Documents\report.docx,normal
FIL-100626,2024-03-12 10:18:00,USER_BENIGN_ALICE,PC-ALI-01,C:\Users\USER_BENIGN_ALICE\Documents\report.docx,normal
FIL-100627,2024-03-12 14:40:00,USER_BENIGN_ALICE,PC-ALI-01,C:\Users\USER_BENIGN_ALICE\Documents\report.docx,normal
FIL-100637,2024-03-12 15:41:00,USER_INSIDER_MALORY,PC-MAL-01,C:\Users\USER_INSIDER_MALORY\Documents\report.docx,normal
FIL-100638,2024-03-12 12:25:00,USER_INSIDER_MALORY,PC-MAL-01,C:\Users\USER_INSIDER_MALORY\Documents\report.docx,normal
FIL-100639,2024-03-12 09:29:00,USER_INSIDER_MALORY,PC-MAL-01,C:\Users\USER_INSIDER_MALORY\Documents\report.docx,normal
FIL-100640,2024-03-12 12:28:00,USER_INSIDER_MALORY,PC-MAL-01,C:\Users\USER_INSIDER_MALORY\Documents\report.docx,normal
FIL-100641,2024-03-12 11:11:00,USER_INSIDER_MALORY,PC-MAL-01,C:\Users\USER_INSIDER_MALORY\Documents\report.docx,normal
FIL-100652,2024-03-12 15:25:00,USER_INSIDER_BOB,PC-BOB-01,C:\Users\USER_INSIDER_BOB\Documents\report.docx,normal
FIL-100653,2024-03-12 14:35:00,USER_INSIDER_BOB,PC-BOB-01,C:\Users\USER_INSIDER_BOB\Documents\report.docx,normal
FIL-100654,2024-03-12 12:39:00,USER_INSIDER_BOB,PC-BOB-01,C:\Users\USER_INSIDER_BOB\Documents\report.docx,normal
FIL-100655,2024-03-12 12:39:00,USER_INSIDER_BOB,PC-BOB-01,C:\Users\USER_INSIDER_BOB\Documents\report.docx,normal
FIL-100656,2024-03-12 13:52:00,USER_INSIDER_BOB,PC-BOB-01,C:\Users\USER_INSIDER_BOB\Documents\report.docx,normal
FIL-100657,2024-03-12 12:12:00,USER_INSIDER_BOB,PC-BOB-01,C:\Users\USER_INSIDER_BOB\Documents\report.docx,normal
FIL-100670,2024-03-12 10:35:00,USER_PEER_CHARLIE,PC-CHA-01,C:\Users\USER_PEER_CHARLIE\Documents\report.docx,normal
FIL-100671,2024-03-12 09:36:00,USER_PEER_CHARLIE,PC-CHA-01,C:\Users\USER_PEER_CHARLIE\Documents\report.docx,normal
FIL-100672,2024-03-12 14:27:00,USER_PEER_CHARLIE,PC-CHA-01,C:\Users\USER_PEER_CHARLIE\Documents\report.docx,normal
FIL-100673,2024-03-12 10:32:00,USER_PEER_CHARLIE,PC-CHA-01,C:\Users\USER_PEER_CHARLIE\Documents\report.docx,normal
FIL-100683,2024-03-12 13:10:00,USER_PEER_DIANA,PC-DIA-01,C:\Users\USER_PEER_DIANA\Documents\report.docx,normal
FIL-100684,2024-03-12 13:57:00,USER_PEER_DIANA,PC-DIA-01,C:\Users\USER_PEER_DIANA\Documents\report.docx,normal
FIL-100685,2024-03-12 09:30:00,USER_PEER_DIANA,PC-DIA-01,C:\Users\USER_PEER_DIANA\Documents\report.docx,normal
FIL-100686,2024-03-12 13:24:00,USER_PEER_DIANA,PC-DIA-01,C:\Users\USER_PEER_DIANA\Documents\report.docx,normal
FIL-100687,2024-03-12 09:53:00,USER_PEER_DIANA,PC-DIA-01,C:\Users\USER_PEER_DIANA\Documents\report.docx,normal
FIL-100688,2024-03-12 12:52:00,USER_PEER_DIANA,PC-DIA-01,C:\Users\USER_PEER_DIANA\Documents\report.docx,normal
FIL-100701,2024-03-12 13:38:00,USER_PEER_EDWARD,PC-EDW-01,C:\Users\USER_PEER_EDWARD\Documents\report.docx,normal
FIL-100702,2024-03-12 12:12:00,USER_PEER_EDWARD,PC-EDW-01,C:\Users\USER_PEER_EDWARD\Documents\report.docx,normal
FIL-100703,2024-03-12 09:39:00,USER_PEER_EDWARD,PC-EDW-01,C:\Users\USER_PEER_EDWARD\Documents\report.docx,normal
FIL-100704,2024-03-12 10:18:00,USER_PEER_EDWARD,PC-EDW-01,C:\Users\USER_PEER_EDWARD\Documents\report.docx,normal
FIL-100705,2024-03-12 15:50:00,USER_PEER_EDWARD,PC-EDW-01,C:\Users\USER_PEER_EDWARD\Documents\report.docx,normal
FIL-100706,2024-03-12 15:36:00,USER_PEER_EDWARD,PC-EDW-01,C:\Users\USER_PEER_EDWARD\Documents\report.docx,normal
FIL-100715,2024-03-13 11:46:00,USER_BENIGN_ALICE,PC-ALI-01,C:\Users\USER_BENIGN_ALICE\Documents\report.docx,normal
FIL-100716,2024-03-13 12:28:00,USER_BENIGN_ALICE,PC-ALI-01,C:\Users\USER_BENIGN_ALICE\Documents\report.docx,normal
FIL-100717,2024-03-13 15:11:00,USER_BENIGN_ALICE,PC-ALI-01,C:\Users\USER_BENIGN_ALICE\Documents\report.docx,normal
FIL-100729,2024-03-13 10:20:00,USER_INSIDER_MALORY,PC-MAL-01,C:\Users\USER_INSIDER_MALORY\Documents\report.docx,normal
FIL-100730,2024-03-13 15:35:00,USER_INSIDER_MALORY,PC-MAL-01,C:\Users\USER_INSIDER_MALORY\Documents\report.docx,normal
FIL-100731,2024-03-13 15:32:00,USER_INSIDER_MALORY,PC-MAL-01,C:\Users\USER_INSIDER_MALORY\Documents\report.docx,normal
FIL-100732,2024-03-13 10:33:00,USER_INSIDER_MALORY,PC-MAL-01,C:\Users\USER_INSIDER_MALORY\Documents\report.docx,normal
FIL-100733,2024-03-13 11:55:00,USER_INSIDER_MALORY,PC-MAL-01,C:\Users\USER_INSIDER_MALORY\Documents\report.docx,normal
FIL-100734,2024-03-13 14:22:00,USER_INSIDER_MALORY,PC-MAL-01,C:\Users\USER_INSIDER_MALORY\Documents\report.docx,normal
FIL-100746,2024-03-13 14:38:00,USER_INSIDER_BOB,PC-BOB-01,C:\Users\USER_INSIDER_BOB\Documents\report.docx,normal
FIL-100747,2024-03-13 12:12:00,USER_INSIDER_BOB,PC-BOB-01,C:\Users\USER_INSIDER_BOB\Documents\report.docx,normal
FIL-100748,2024-03-13 13:16:00,USER_INSIDER_BOB,PC-BOB-01,C:\Users\USER_INSIDER_BOB\Documents\report.docx,normal
FIL-100761,2024-03-13 11:37:00,USER_PEER_CHARLIE,PC-CHA-01,C:\Users\USER_PEER_CHARLIE\Documents\report.docx,normal
FIL-100762,2024-03-13 10:48:00,USER_PEER_CHARLIE,PC-CHA-01,C:\Users\USER_PEER_CHARLIE\Documents\report.docx,normal
FIL-100763,2024-03-13 10:22:00,USER_PEER_CHARLIE,PC-CHA-01,C:\Users\USER_PEER_CHARLIE\Documents\report.docx,normal
FIL-100764,2024-03-13 09:23:00,USER_PEER_CHARLIE,PC-CHA-01,C:\Users\USER_PEER_CHARLIE\Documents\report.docx,normal
FIL-100773,2024-03-13 11:21:00,USER_PEER_DIANA,PC-DIA-01,C:\Users\USER_PEER_DIANA\Documents\report.docx,normal
FIL-100774,2024-03-13 15:56:00,USER_PEER_DIANA,PC-DIA-01,C:\Users\USER_PEER_DIANA\Documents\report.docx,normal
FIL-100775,2024-03-13 10:51:00,USER_PEER_DIANA,PC-DIA-01,C:\Users\USER_PEER_DIANA\Documents\report.docx,normal
FIL-100785,2024-03-13 10:35:00,USER_PEER_EDWARD,PC-EDW-01,C:\Users\USER_PEER_EDWARD\Documents\report.docx,normal
FIL-100786,2024-03-13 13:23:00,USER_PEER_EDWARD,PC-EDW-01,C:\Users\USER_PEER_EDWARD\Documents\report.docx,normal
FIL-100787,2024-03-13 11:32:00,USER_PEER_EDWARD,PC-EDW-01,C:\Users\USER_PEER_EDWARD\Documents\report.docx,normal
FIL-100788,2024-03-13 09:12:00,USER_PEER_EDWARD,PC-EDW-01,C:\Users\USER_PEER_EDWARD\Documents\report.docx,normal
FIL-100801,2024-03-14 11:36:00,USER_BENIGN_ALICE,PC-ALI-01,C:\Users\USER_BENIGN_ALICE\Documents\report.docx,normal
FIL-100802,2024-03-14 14:24:00,USER_BENIGN_ALICE,PC-ALI-01,C:\Users\USER_BENIGN_ALICE\Documents\report.docx,normal
FIL-100803,2024-03-14 12:57:00,USER_BENIGN_ALICE,PC-ALI-01,C:\Users\USER_BENIGN_ALICE\Documents\report.docx,normal
FIL-100816,2024-03-14 13:26:00,USER_INSIDER_MALORY,PC-MAL-01,C:\Users\USER_INSIDER_MALORY\Documents\report.docx,normal
FIL-100817,2024-03-14 11:45:00,USER_INSIDER_MALORY,PC-MAL-01,C:\Users\USER_INSIDER_MALORY\Documents\report.docx,normal
FIL-100818,2024-03-14 14:47:00,USER_INSIDER_MALORY,PC-MAL-01,C:\Users\USER_INSIDER_MALORY\Documents\report.docx,normal
FIL-100819,2024-03-14 15:36:00,USER_INSIDER_MALORY,PC-MAL-01,C:\Users\USER_INSIDER_MALORY\Documents\report.docx,normal
FIL-100833,2024-03-14 15:54:00,USER_INSIDER_BOB,PC-BOB-01,C:\Users\USER_INSIDER_BOB\Documents\report.docx,normal
FIL-100834,2024-03-14 13:13:00,USER_INSIDER_BOB,PC-BOB-01,C:\Users\USER_INSIDER_BOB\Documents\report.docx,normal
FIL-100835,2024-03-14 10:27:00,USER_INSIDER_BOB,PC-BOB-01,C:\Users\USER_INSIDER_BOB\Documents\report.docx,normal
FIL-100836,2024-03-14 11:29:00,USER_INSIDER_BOB,PC-BOB-01,C:\Users\USER_INSIDER_BOB\Documents\report.docx,normal
FIL-100837,2024-03-14 13:58:00,USER_INSIDER_BOB,PC-BOB-01,C:\Users\USER_INSIDER_BOB\Documents\report.docx,normal
FIL-100846,2024-03-14 13:16:00,USER_PEER_CHARLIE,PC-CHA-01,C:\Users\USER_PEER_CHARLIE\Documents\report.docx,normal
FIL-100847,2024-03-14 14:33:00,USER_PEER_CHARLIE,PC-CHA-01,C:\Users\USER_PEER_CHARLIE\Documents\report.docx,normal
FIL-100848,2024-03-14 12:53:00,USER_PEER_CHARLIE,PC-CHA-01,C:\Users\USER_PEER_CHARLIE\Documents\report.docx,normal
FIL-100849,2024-03-14 11:44:00,USER_PEER_CHARLIE,PC-CHA-01,C:\Users\USER_PEER_CHARLIE\Documents\report.docx,normal
FIL-100860,2024-03-14 13:41:00,USER_PEER_DIANA,PC-DIA-01,C:\Users\USER_PEER_DIANA\Documents\report.docx,normal
FIL-100861,2024-03-14 12:24:00,USER_PEER_DIANA,PC-DIA-01,C:\Users\USER_PEER_DIANA\Documents\report.docx,normal
FIL-100862,2024-03-14 11:46:00,USER_PEER_DIANA,PC-DIA-01,C:\Users\USER_PEER_DIANA\Documents\report.docx,normal
FIL-100863,2024-03-14 13:17:00,USER_PEER_DIANA,PC-DIA-01,C:\Users\USER_PEER_DIANA\Documents\report.docx,normal
FIL-100864,2024-03-14 14:26:00,USER_PEER_DIANA,PC-DIA-01,C:\Users\USER_PEER_DIANA\Documents\report.docx,normal
FIL-100865,2024-03-14 11:20:00,USER_PEER_DIANA,PC-DIA-01,C:\Users\USER_PEER_DIANA\Documents\report.docx,normal
FIL-100877,2024-03-14 15:23:00,USER_PEER_EDWARD,PC-EDW-01,C:\Users\USER_PEER_EDWARD\Documents\report.docx,normal
FIL-100878,2024-03-14 14:12:00,USER_PEER_EDWARD,PC-EDW-01,C:\Users\USER_PEER_EDWARD\Documents\report.docx,normal
FIL-100879,2024-03-14 09:30:00,USER_PEER_EDWARD,PC-EDW-01,C:\Users\USER_PEER_EDWARD\Documents\report.docx,normal
FIL-100924,2024-03-19 02:25:00,USER_INSIDER_MALORY,PC-MAL-01,E:\Exfil\Firmware_Source_v4_secret_0.bin,proprietary_code
FIL-100925,2024-03-19 02:25:00,USER_INSIDER_MALORY,PC-MAL-01,E:\Exfil\Firmware_Source_v4_secret_1.bin,proprietary_code
FIL-100926,2024-03-19 02:25:00,USER_INSIDER_MALORY,PC-MAL-01,E:\Exfil\Firmware_Source_v4_secret_2.bin,proprietary_code
FIL-100927,2024-03-19 02:26:00,USER_INSIDER_MALORY,PC-MAL-01,E:\Exfil\Firmware_Source_v4_secret_3.bin,proprietary_code
FIL-100928,2024-03-19 02:26:00,USER_INSIDER_MALORY,PC-MAL-01,E:\Exfil\Firmware_Source_v4_secret_4.bin,proprietary_code
FIL-100929,2024-03-19 02:26:00,USER_INSIDER_MALORY,PC-MAL-01,E:\Exfil\Firmware_Source_v4_secret_5.bin,proprietary_code
FIL-100930,2024-03-19 02:27:00,USER_INSIDER_MALORY,PC-MAL-01,E:\Exfil\Firmware_Source_v4_secret_6.bin,proprietary_code
FIL-100931,2024-03-19 02:27:00,USER_INSIDER_MALORY,PC-MAL-01,E:\Exfil\Firmware_Source_v4_secret_7.bin,proprietary_code
FIL-100932,2024-03-19 02:27:00,USER_INSIDER_MALORY,PC-MAL-01,E:\Exfil\Firmware_Source_v4_secret_8.bin,proprietary_code
FIL-100933,2024-03-19 02:28:00,USER_INSIDER_MALORY,PC-MAL-01,E:\Exfil\Firmware_Source_v4_secret_9.bin,proprietary_code
FIL-100934,2024-03-19 02:28:00,USER_INSIDER_MALORY,PC-MAL-01,E:\Exfil\Firmware_Source_v4_secret_10.bin,proprietary_code
FIL-100935,2024-03-19 02:28:00,USER_INSIDER_MALORY,PC-MAL-01,E:\Exfil\Firmware_Source_v4_secret_11.bin,proprietary_code
FIL-100936,2024-03-19 02:29:00,USER_INSIDER_MALORY,PC-MAL-01,E:\Exfil\Firmware_Source_v4_secret_12.bin,proprietary_code
FIL-100937,2024-03-19 02:29:00,USER_INSIDER_MALORY,PC-MAL-01,E:\Exfil\Firmware_Source_v4_secret_13.bin,proprietary_code
FIL-100938,2024-03-19 02:29:00,USER_INSIDER_MALORY,PC-MAL-01,E:\Exfil\Firmware_Source_v4_secret_14.bin,proprietary_code
FIL-100939,2024-03-19 02:30:00,USER_INSIDER_MALORY,PC-MAL-01,E:\Exfil\Firmware_Source_v4_secret_15.bin,proprietary_code
FIL-100940,2024-03-19 02:30:00,USER_INSIDER_MALORY,PC-MAL-01,E:\Exfil\Firmware_Source_v4_secret_16.bin,proprietary_code
FIL-100941,2024-03-19 02:30:00,USER_INSIDER_MALORY,PC-MAL-01,E:\Exfil\Firmware_Source_v4_secret_17.bin,proprietary_code
FIL-100942,2024-03-19 02:31:00,USER_INSIDER_MALORY,PC-MAL-01,E:\Exfil\Firmware_Source_v4_secret_18.bin,proprietary_code
FIL-100943,2024-03-19 02:31:00,USER_INSIDER_MALORY,PC-MAL-01,E:\Exfil\Firmware_Source_v4_secret_19.bin,proprietary_code
FIL-100944,2024-03-19 02:31:00,USER_INSIDER_MALORY,PC-MAL-01,E:\Exfil\Firmware_Source_v4_secret_20.bin,proprietary_code
FIL-100945,2024-03-19 02:32:00,USER_INSIDER_MALORY,PC-MAL-01,E:\Exfil\Firmware_Source_v4_secret_21.bin,proprietary_code
FIL-100946,2024-03-19 02:32:00,USER_INSIDER_MALORY,PC-MAL-01,E:\Exfil\Firmware_Source_v4_secret_22.bin,proprietary_code
FIL-100947,2024-03-19 02:32:00,USER_INSIDER_MALORY,PC-MAL-01,E:\Exfil\Firmware_Source_v4_secret_23.bin,proprietary_code
FIL-100948,2024-03-19 02:33:00,USER_INSIDER_MALORY,PC-MAL-01,E:\Exfil\Firmware_Source_v4_secret_24.bin,proprietary_code
FIL-100949,2024-03-19 02:33:00,USER_INSIDER_MALORY,PC-MAL-01,E:\Exfil\Firmware_Source_v4_secret_25.bin,proprietary_code
FIL-100950,2024-03-19 02:33:00,USER_INSIDER_MALORY,PC-MAL-01,E:\Exfil\Firmware_Source_v4_secret_26.bin,proprietary_code
FIL-100951,2024-03-19 02:34:00,USER_INSIDER_MALORY,PC-MAL-01,E:\Exfil\Firmware_Source_v4_secret_27.bin,proprietary_code
FIL-100952,2024-03-19 02:34:00,USER_INSIDER_MALORY,PC-MAL-01,E:\Exfil\Firmware_Source_v4_secret_28.bin,proprietary_code
FIL-100953,2024-03-19 02:34:00,USER_INSIDER_MALORY,PC-MAL-01,E:\Exfil\Firmware_Source_v4_secret_29.bin,proprietary_code
FIL-100954,2024-03-19 02:35:00,USER_INSIDER_MALORY,PC-MAL-01,E:\Exfil\Firmware_Source_v4_secret_30.bin,proprietary_code
FIL-100955,2024-03-19 02:35:00,USER_INSIDER_MALORY,PC-MAL-01,E:\Exfil\Firmware_Source_v4_secret_31.bin,proprietary_code
FIL-100956,2024-03-19 02:35:00,USER_INSIDER_MALORY,PC-MAL-01,E:\Exfil\Firmware_Source_v4_secret_32.bin,proprietary_code
FIL-100957,2024-03-19 02:36:00,USER_INSIDER_MALORY,PC-MAL-01,E:\Exfil\Firmware_Source_v4_secret_33.bin,proprietary_code
FIL-100958,2024-03-19 02:36:00,USER_INSIDER_MALORY,PC-MAL-01,E:\Exfil\Firmware_Source_v4_secret_34.bin,proprietary_code
FIL-100970,2024-03-20 02:00:10,USER_BENIGN_ALICE,PC-ALI-01,E:\db-prod-replica\shard_0.dump,db_replica
FIL-100971,2024-03-20 02:01:10,USER_BENIGN_ALICE,PC-ALI-01,E:\db-prod-replica\shard_1.dump,db_replica
FIL-100972,2024-03-20 02:02:10,USER_BENIGN_ALICE,PC-ALI-01,E:\db-prod-replica\shard_2.dump,db_replica
FIL-100973,2024-03-20 02:03:10,USER_BENIGN_ALICE,PC-ALI-01,E:\db-prod-replica\shard_3.dump,db_replica
FIL-100974,2024-03-20 02:04:10,USER_BENIGN_ALICE,PC-ALI-01,E:\db-prod-replica\shard_4.dump,db_replica
FIL-100975,2024-03-20 02:05:10,USER_BENIGN_ALICE,PC-ALI-01,E:\db-prod-replica\shard_5.dump,db_replica
FIL-100976,2024-03-20 02:06:10,USER_BENIGN_ALICE,PC-ALI-01,E:\db-prod-replica\shard_6.dump,db_replica
FIL-100977,2024-03-20 02:07:10,USER_BENIGN_ALICE,PC-ALI-01,E:\db-prod-replica\shard_7.dump,db_replica
FIL-100978,2024-03-20 02:08:10,USER_BENIGN_ALICE,PC-ALI-01,E:\db-prod-replica\shard_8.dump,db_replica
FIL-100979,2024-03-20 02:09:10,USER_BENIGN_ALICE,PC-ALI-01,E:\db-prod-replica\shard_9.dump,db_replica
FIL-100980,2024-03-20 02:10:10,USER_BENIGN_ALICE,PC-ALI-01,E:\db-prod-replica\shard_10.dump,db_replica
FIL-100981,2024-03-20 02:11:10,USER_BENIGN_ALICE,PC-ALI-01,E:\db-prod-replica\shard_11.dump,db_replica
FIL-100982,2024-03-20 02:12:10,USER_BENIGN_ALICE,PC-ALI-01,E:\db-prod-replica\shard_12.dump,db_replica
FIL-100983,2024-03-20 02:13:10,USER_BENIGN_ALICE,PC-ALI-01,E:\db-prod-replica\shard_13.dump,db_replica
FIL-100984,2024-03-20 02:14:10,USER_BENIGN_ALICE,PC-ALI-01,E:\db-prod-replica\shard_14.dump,db_replica
FIL-100985,2024-03-20 02:15:10,USER_BENIGN_ALICE,PC-ALI-01,E:\db-prod-replica\shard_15.dump,db_replica
FIL-100986,2024-03-20 02:16:10,USER_BENIGN_ALICE,PC-ALI-01,E:\db-prod-replica\shard_16.dump,db_replica
FIL-100987,2024-03-20 02:17:10,USER_BENIGN_ALICE,PC-ALI-01,E:\db-prod-replica\shard_17.dump,db_replica
FIL-100988,2024-03-20 02:18:10,USER_BENIGN_ALICE,PC-ALI-01,E:\db-prod-replica\shard_18.dump,db_replica
FIL-100989,2024-03-20 02:19:10,USER_BENIGN_ALICE,PC-ALI-01,E:\db-prod-replica\shard_19.dump,db_replica
FIL-100990,2024-03-20 02:20:10,USER_BENIGN_ALICE,PC-ALI-01,E:\db-prod-replica\shard_20.dump,db_replica
FIL-100991,2024-03-20 02:21:10,USER_BENIGN_ALICE,PC-ALI-01,E:\db-prod-replica\shard_21.dump,db_replica
FIL-100992,2024-03-20 02:22:10,USER_BENIGN_ALICE,PC-ALI-01,E:\db-prod-replica\shard_22.dump,db_replica
FIL-100993,2024-03-20 02:23:10,USER_BENIGN_ALICE,PC-ALI-01,E:\db-prod-replica\shard_23.dump,db_replica
FIL-100994,2024-03-20 02:24:10,USER_BENIGN_ALICE,PC-ALI-01,E:\db-prod-replica\shard_24.dump,db_replica
FIL-101013,2024-03-20 02:25:00,USER_INSIDER_MALORY,PC-MAL-01,E:\Exfil\Firmware_Source_v4_secret_0.bin,proprietary_code
FIL-101014,2024-03-20 02:25:00,USER_INSIDER_MALORY,PC-MAL-01,E:\Exfil\Firmware_Source_v4_secret_1.bin,proprietary_code
FIL-101015,2024-03-20 02:25:00,USER_INSIDER_MALORY,PC-MAL-01,E:\Exfil\Firmware_Source_v4_secret_2.bin,proprietary_code
FIL-101016,2024-03-20 02:26:00,USER_INSIDER_MALORY,PC-MAL-01,E:\Exfil\Firmware_Source_v4_secret_3.bin,proprietary_code
FIL-101017,2024-03-20 02:26:00,USER_INSIDER_MALORY,PC-MAL-01,E:\Exfil\Firmware_Source_v4_secret_4.bin,proprietary_code
FIL-101018,2024-03-20 02:26:00,USER_INSIDER_MALORY,PC-MAL-01,E:\Exfil\Firmware_Source_v4_secret_5.bin,proprietary_code
FIL-101019,2024-03-20 02:27:00,USER_INSIDER_MALORY,PC-MAL-01,E:\Exfil\Firmware_Source_v4_secret_6.bin,proprietary_code
FIL-101020,2024-03-20 02:27:00,USER_INSIDER_MALORY,PC-MAL-01,E:\Exfil\Firmware_Source_v4_secret_7.bin,proprietary_code
FIL-101021,2024-03-20 02:27:00,USER_INSIDER_MALORY,PC-MAL-01,E:\Exfil\Firmware_Source_v4_secret_8.bin,proprietary_code
FIL-101022,2024-03-20 02:28:00,USER_INSIDER_MALORY,PC-MAL-01,E:\Exfil\Firmware_Source_v4_secret_9.bin,proprietary_code
FIL-101023,2024-03-20 02:28:00,USER_INSIDER_MALORY,PC-MAL-01,E:\Exfil\Firmware_Source_v4_secret_10.bin,proprietary_code
FIL-101024,2024-03-20 02:28:00,USER_INSIDER_MALORY,PC-MAL-01,E:\Exfil\Firmware_Source_v4_secret_11.bin,proprietary_code
FIL-101025,2024-03-20 02:29:00,USER_INSIDER_MALORY,PC-MAL-01,E:\Exfil\Firmware_Source_v4_secret_12.bin,proprietary_code
FIL-101026,2024-03-20 02:29:00,USER_INSIDER_MALORY,PC-MAL-01,E:\Exfil\Firmware_Source_v4_secret_13.bin,proprietary_code
FIL-101027,2024-03-20 02:29:00,USER_INSIDER_MALORY,PC-MAL-01,E:\Exfil\Firmware_Source_v4_secret_14.bin,proprietary_code
FIL-101028,2024-03-20 02:30:00,USER_INSIDER_MALORY,PC-MAL-01,E:\Exfil\Firmware_Source_v4_secret_15.bin,proprietary_code
FIL-101029,2024-03-20 02:30:00,USER_INSIDER_MALORY,PC-MAL-01,E:\Exfil\Firmware_Source_v4_secret_16.bin,proprietary_code
FIL-101030,2024-03-20 02:30:00,USER_INSIDER_MALORY,PC-MAL-01,E:\Exfil\Firmware_Source_v4_secret_17.bin,proprietary_code
FIL-101031,2024-03-20 02:31:00,USER_INSIDER_MALORY,PC-MAL-01,E:\Exfil\Firmware_Source_v4_secret_18.bin,proprietary_code
FIL-101032,2024-03-20 02:31:00,USER_INSIDER_MALORY,PC-MAL-01,E:\Exfil\Firmware_Source_v4_secret_19.bin,proprietary_code
FIL-101033,2024-03-20 02:31:00,USER_INSIDER_MALORY,PC-MAL-01,E:\Exfil\Firmware_Source_v4_secret_20.bin,proprietary_code
FIL-101034,2024-03-20 02:32:00,USER_INSIDER_MALORY,PC-MAL-01,E:\Exfil\Firmware_Source_v4_secret_21.bin,proprietary_code
FIL-101035,2024-03-20 02:32:00,USER_INSIDER_MALORY,PC-MAL-01,E:\Exfil\Firmware_Source_v4_secret_22.bin,proprietary_code
FIL-101036,2024-03-20 02:32:00,USER_INSIDER_MALORY,PC-MAL-01,E:\Exfil\Firmware_Source_v4_secret_23.bin,proprietary_code
FIL-101037,2024-03-20 02:33:00,USER_INSIDER_MALORY,PC-MAL-01,E:\Exfil\Firmware_Source_v4_secret_24.bin,proprietary_code
FIL-101038,2024-03-20 02:33:00,USER_INSIDER_MALORY,PC-MAL-01,E:\Exfil\Firmware_Source_v4_secret_25.bin,proprietary_code
FIL-101039,2024-03-20 02:33:00,USER_INSIDER_MALORY,PC-MAL-01,E:\Exfil\Firmware_Source_v4_secret_26.bin,proprietary_code
FIL-101040,2024-03-20 02:34:00,USER_INSIDER_MALORY,PC-MAL-01,E:\Exfil\Firmware_Source_v4_secret_27.bin,proprietary_code
FIL-101041,2024-03-20 02:34:00,USER_INSIDER_MALORY,PC-MAL-01,E:\Exfil\Firmware_Source_v4_secret_28.bin,proprietary_code
FIL-101042,2024-03-20 02:34:00,USER_INSIDER_MALORY,PC-MAL-01,E:\Exfil\Firmware_Source_v4_secret_29.bin,proprietary_code
FIL-101043,2024-03-20 02:35:00,USER_INSIDER_MALORY,PC-MAL-01,E:\Exfil\Firmware_Source_v4_secret_30.bin,proprietary_code
FIL-101044,2024-03-20 02:35:00,USER_INSIDER_MALORY,PC-MAL-01,E:\Exfil\Firmware_Source_v4_secret_31.bin,proprietary_code
FIL-101045,2024-03-20 02:35:00,USER_INSIDER_MALORY,PC-MAL-01,E:\Exfil\Firmware_Source_v4_secret_32.bin,proprietary_code
FIL-101046,2024-03-20 02:36:00,USER_INSIDER_MALORY,PC-MAL-01,E:\Exfil\Firmware_Source_v4_secret_33.bin,proprietary_code
FIL-101047,2024-03-20 02:36:00,USER_INSIDER_MALORY,PC-MAL-01,E:\Exfil\Firmware_Source_v4_secret_34.bin,proprietary_code
FIL-101052,2024-03-20 02:10:00,USER_INSIDER_BOB,PC-BOB-01,E:\Backup_Dump\ActiveDirectory_Hashes_0.ntds,hash_dump
FIL-101053,2024-03-20 02:11:00,USER_INSIDER_BOB,PC-BOB-01,E:\Backup_Dump\ActiveDirectory_Hashes_1.ntds,hash_dump
FIL-101054,2024-03-20 02:12:00,USER_INSIDER_BOB,PC-BOB-01,E:\Backup_Dump\ActiveDirectory_Hashes_2.ntds,hash_dump
FIL-101055,2024-03-20 02:13:00,USER_INSIDER_BOB,PC-BOB-01,E:\Backup_Dump\ActiveDirectory_Hashes_3.ntds,hash_dump
FIL-101056,2024-03-20 02:14:00,USER_INSIDER_BOB,PC-BOB-01,E:\Backup_Dump\ActiveDirectory_Hashes_4.ntds,hash_dump
FIL-101057,2024-03-20 02:15:00,USER_INSIDER_BOB,PC-BOB-01,E:\Backup_Dump\ActiveDirectory_Hashes_5.ntds,hash_dump
FIL-101058,2024-03-20 02:16:00,USER_INSIDER_BOB,PC-BOB-01,E:\Backup_Dump\ActiveDirectory_Hashes_6.ntds,hash_dump
FIL-101059,2024-03-20 02:17:00,USER_INSIDER_BOB,PC-BOB-01,E:\Backup_Dump\ActiveDirectory_Hashes_7.ntds,hash_dump
FIL-101060,2024-03-20 02:18:00,USER_INSIDER_BOB,PC-BOB-01,E:\Backup_Dump\ActiveDirectory_Hashes_8.ntds,hash_dump
FIL-101061,2024-03-20 02:19:00,USER_INSIDER_BOB,PC-BOB-01,E:\Backup_Dump\ActiveDirectory_Hashes_9.ntds,hash_dump
FIL-101062,2024-03-20 02:20:00,USER_INSIDER_BOB,PC-BOB-01,E:\Backup_Dump\ActiveDirectory_Hashes_10.ntds,hash_dump
FIL-101063,2024-03-20 02:21:00,USER_INSIDER_BOB,PC-BOB-01,E:\Backup_Dump\ActiveDirectory_Hashes_11.ntds,hash_dump
FIL-101064,2024-03-20 02:22:00,USER_INSIDER_BOB,PC-BOB-01,E:\Backup_Dump\ActiveDirectory_Hashes_12.ntds,hash_dump
FIL-101065,2024-03-20 02:23:00,USER_INSIDER_BOB,PC-BOB-01,E:\Backup_Dump\ActiveDirectory_Hashes_13.ntds,hash_dump
FIL-101066,2024-03-20 02:24:00,USER_INSIDER_BOB,PC-BOB-01,E:\Backup_Dump\ActiveDirectory_Hashes_14.ntds,hash_dump
FIL-101067,2024-03-20 02:25:00,USER_INSIDER_BOB,PC-BOB-01,E:\Backup_Dump\ActiveDirectory_Hashes_15.ntds,hash_dump
FIL-101068,2024-03-20 02:26:00,USER_INSIDER_BOB,PC-BOB-01,E:\Backup_Dump\ActiveDirectory_Hashes_16.ntds,hash_dump
FIL-101069,2024-03-20 02:27:00,USER_INSIDER_BOB,PC-BOB-01,E:\Backup_Dump\ActiveDirectory_Hashes_17.ntds,hash_dump
FIL-101070,2024-03-20 02:28:00,USER_INSIDER_BOB,PC-BOB-01,E:\Backup_Dump\ActiveDirectory_Hashes_18.ntds,hash_dump
FIL-101071,2024-03-20 02:29:00,USER_INSIDER_BOB,PC-BOB-01,E:\Backup_Dump\ActiveDirectory_Hashes_19.ntds,hash_dump
FIL-101084,2024-03-21 02:25:00,USER_INSIDER_MALORY,PC-MAL-01,E:\Exfil\Firmware_Source_v4_secret_0.bin,proprietary_code
FIL-101085,2024-03-21 02:25:00,USER_INSIDER_MALORY,PC-MAL-01,E:\Exfil\Firmware_Source_v4_secret_1.bin,proprietary_code
FIL-101086,2024-03-21 02:25:00,USER_INSIDER_MALORY,PC-MAL-01,E:\Exfil\Firmware_Source_v4_secret_2.bin,proprietary_code
FIL-101087,2024-03-21 02:26:00,USER_INSIDER_MALORY,PC-MAL-01,E:\Exfil\Firmware_Source_v4_secret_3.bin,proprietary_code
FIL-101088,2024-03-21 02:26:00,USER_INSIDER_MALORY,PC-MAL-01,E:\Exfil\Firmware_Source_v4_secret_4.bin,proprietary_code
FIL-101089,2024-03-21 02:26:00,USER_INSIDER_MALORY,PC-MAL-01,E:\Exfil\Firmware_Source_v4_secret_5.bin,proprietary_code
FIL-101090,2024-03-21 02:27:00,USER_INSIDER_MALORY,PC-MAL-01,E:\Exfil\Firmware_Source_v4_secret_6.bin,proprietary_code
FIL-101091,2024-03-21 02:27:00,USER_INSIDER_MALORY,PC-MAL-01,E:\Exfil\Firmware_Source_v4_secret_7.bin,proprietary_code
FIL-101092,2024-03-21 02:27:00,USER_INSIDER_MALORY,PC-MAL-01,E:\Exfil\Firmware_Source_v4_secret_8.bin,proprietary_code
FIL-101093,2024-03-21 02:28:00,USER_INSIDER_MALORY,PC-MAL-01,E:\Exfil\Firmware_Source_v4_secret_9.bin,proprietary_code
FIL-101094,2024-03-21 02:28:00,USER_INSIDER_MALORY,PC-MAL-01,E:\Exfil\Firmware_Source_v4_secret_10.bin,proprietary_code
FIL-101095,2024-03-21 02:28:00,USER_INSIDER_MALORY,PC-MAL-01,E:\Exfil\Firmware_Source_v4_secret_11.bin,proprietary_code
FIL-101096,2024-03-21 02:29:00,USER_INSIDER_MALORY,PC-MAL-01,E:\Exfil\Firmware_Source_v4_secret_12.bin,proprietary_code
FIL-101097,2024-03-21 02:29:00,USER_INSIDER_MALORY,PC-MAL-01,E:\Exfil\Firmware_Source_v4_secret_13.bin,proprietary_code
FIL-101098,2024-03-21 02:29:00,USER_INSIDER_MALORY,PC-MAL-01,E:\Exfil\Firmware_Source_v4_secret_14.bin,proprietary_code
FIL-101099,2024-03-21 02:30:00,USER_INSIDER_MALORY,PC-MAL-01,E:\Exfil\Firmware_Source_v4_secret_15.bin,proprietary_code
FIL-101100,2024-03-21 02:30:00,USER_INSIDER_MALORY,PC-MAL-01,E:\Exfil\Firmware_Source_v4_secret_16.bin,proprietary_code
FIL-101101,2024-03-21 02:30:00,USER_INSIDER_MALORY,PC-MAL-01,E:\Exfil\Firmware_Source_v4_secret_17.bin,proprietary_code
FIL-101102,2024-03-21 02:31:00,USER_INSIDER_MALORY,PC-MAL-01,E:\Exfil\Firmware_Source_v4_secret_18.bin,proprietary_code
FIL-101103,2024-03-21 02:31:00,USER_INSIDER_MALORY,PC-MAL-01,E:\Exfil\Firmware_Source_v4_secret_19.bin,proprietary_code
FIL-101104,2024-03-21 02:31:00,USER_INSIDER_MALORY,PC-MAL-01,E:\Exfil\Firmware_Source_v4_secret_20.bin,proprietary_code
FIL-101105,2024-03-21 02:32:00,USER_INSIDER_MALORY,PC-MAL-01,E:\Exfil\Firmware_Source_v4_secret_21.bin,proprietary_code
FIL-101106,2024-03-21 02:32:00,USER_INSIDER_MALORY,PC-MAL-01,E:\Exfil\Firmware_Source_v4_secret_22.bin,proprietary_code
FIL-101107,2024-03-21 02:32:00,USER_INSIDER_MALORY,PC-MAL-01,E:\Exfil\Firmware_Source_v4_secret_23.bin,proprietary_code
FIL-101108,2024-03-21 02:33:00,USER_INSIDER_MALORY,PC-MAL-01,E:\Exfil\Firmware_Source_v4_secret_24.bin,proprietary_code
FIL-101109,2024-03-21 02:33:00,USER_INSIDER_MALORY,PC-MAL-01,E:\Exfil\Firmware_Source_v4_secret_25.bin,proprietary_code
FIL-101110,2024-03-21 02:33:00,USER_INSIDER_MALORY,PC-MAL-01,E:\Exfil\Firmware_Source_v4_secret_26.bin,proprietary_code
FIL-101111,2024-03-21 02:34:00,USER_INSIDER_MALORY,PC-MAL-01,E:\Exfil\Firmware_Source_v4_secret_27.bin,proprietary_code
FIL-101112,2024-03-21 02:34:00,USER_INSIDER_MALORY,PC-MAL-01,E:\Exfil\Firmware_Source_v4_secret_28.bin,proprietary_code
FIL-101113,2024-03-21 02:34:00,USER_INSIDER_MALORY,PC-MAL-01,E:\Exfil\Firmware_Source_v4_secret_29.bin,proprietary_code
FIL-101114,2024-03-21 02:35:00,USER_INSIDER_MALORY,PC-MAL-01,E:\Exfil\Firmware_Source_v4_secret_30.bin,proprietary_code
FIL-101115,2024-03-21 02:35:00,USER_INSIDER_MALORY,PC-MAL-01,E:\Exfil\Firmware_Source_v4_secret_31.bin,proprietary_code
FIL-101116,2024-03-21 02:35:00,USER_INSIDER_MALORY,PC-MAL-01,E:\Exfil\Firmware_Source_v4_secret_32.bin,proprietary_code
FIL-101117,2024-03-21 02:36:00,USER_INSIDER_MALORY,PC-MAL-01,E:\Exfil\Firmware_Source_v4_secret_33.bin,proprietary_code
FIL-101118,2024-03-21 02:36:00,USER_INSIDER_MALORY,PC-MAL-01,E:\Exfil\Firmware_Source_v4_secret_34.bin,proprietary_code
FIL-101133,2024-03-22 02:25:00,USER_INSIDER_MALORY,PC-MAL-01,E:\Exfil\Firmware_Source_v4_secret_0.bin,proprietary_code
FIL-101134,2024-03-22 02:25:00,USER_INSIDER_MALORY,PC-MAL-01,E:\Exfil\Firmware_Source_v4_secret_1.bin,proprietary_code
FIL-101135,2024-03-22 02:25:00,USER_INSIDER_MALORY,PC-MAL-01,E:\Exfil\Firmware_Source_v4_secret_2.bin,proprietary_code
FIL-101136,2024-03-22 02:26:00,USER_INSIDER_MALORY,PC-MAL-01,E:\Exfil\Firmware_Source_v4_secret_3.bin,proprietary_code
FIL-101137,2024-03-22 02:26:00,USER_INSIDER_MALORY,PC-MAL-01,E:\Exfil\Firmware_Source_v4_secret_4.bin,proprietary_code
FIL-101138,2024-03-22 02:26:00,USER_INSIDER_MALORY,PC-MAL-01,E:\Exfil\Firmware_Source_v4_secret_5.bin,proprietary_code
FIL-101139,2024-03-22 02:27:00,USER_INSIDER_MALORY,PC-MAL-01,E:\Exfil\Firmware_Source_v4_secret_6.bin,proprietary_code
FIL-101140,2024-03-22 02:27:00,USER_INSIDER_MALORY,PC-MAL-01,E:\Exfil\Firmware_Source_v4_secret_7.bin,proprietary_code
FIL-101141,2024-03-22 02:27:00,USER_INSIDER_MALORY,PC-MAL-01,E:\Exfil\Firmware_Source_v4_secret_8.bin,proprietary_code
FIL-101142,2024-03-22 02:28:00,USER_INSIDER_MALORY,PC-MAL-01,E:\Exfil\Firmware_Source_v4_secret_9.bin,proprietary_code
FIL-101143,2024-03-22 02:28:00,USER_INSIDER_MALORY,PC-MAL-01,E:\Exfil\Firmware_Source_v4_secret_10.bin,proprietary_code
FIL-101144,2024-03-22 02:28:00,USER_INSIDER_MALORY,PC-MAL-01,E:\Exfil\Firmware_Source_v4_secret_11.bin,proprietary_code
FIL-101145,2024-03-22 02:29:00,USER_INSIDER_MALORY,PC-MAL-01,E:\Exfil\Firmware_Source_v4_secret_12.bin,proprietary_code
FIL-101146,2024-03-22 02:29:00,USER_INSIDER_MALORY,PC-MAL-01,E:\Exfil\Firmware_Source_v4_secret_13.bin,proprietary_code
FIL-101147,2024-03-22 02:29:00,USER_INSIDER_MALORY,PC-MAL-01,E:\Exfil\Firmware_Source_v4_secret_14.bin,proprietary_code
FIL-101148,2024-03-22 02:30:00,USER_INSIDER_MALORY,PC-MAL-01,E:\Exfil\Firmware_Source_v4_secret_15.bin,proprietary_code
FIL-101149,2024-03-22 02:30:00,USER_INSIDER_MALORY,PC-MAL-01,E:\Exfil\Firmware_Source_v4_secret_16.bin,proprietary_code
FIL-101150,2024-03-22 02:30:00,USER_INSIDER_MALORY,PC-MAL-01,E:\Exfil\Firmware_Source_v4_secret_17.bin,proprietary_code
FIL-101151,2024-03-22 02:31:00,USER_INSIDER_MALORY,PC-MAL-01,E:\Exfil\Firmware_Source_v4_secret_18.bin,proprietary_code
FIL-101152,2024-03-22 02:31:00,USER_INSIDER_MALORY,PC-MAL-01,E:\Exfil\Firmware_Source_v4_secret_19.bin,proprietary_code
FIL-101153,2024-03-22 02:31:00,USER_INSIDER_MALORY,PC-MAL-01,E:\Exfil\Firmware_Source_v4_secret_20.bin,proprietary_code
FIL-101154,2024-03-22 02:32:00,USER_INSIDER_MALORY,PC-MAL-01,E:\Exfil\Firmware_Source_v4_secret_21.bin,proprietary_code
FIL-101155,2024-03-22 02:32:00,USER_INSIDER_MALORY,PC-MAL-01,E:\Exfil\Firmware_Source_v4_secret_22.bin,proprietary_code
FIL-101156,2024-03-22 02:32:00,USER_INSIDER_MALORY,PC-MAL-01,E:\Exfil\Firmware_Source_v4_secret_23.bin,proprietary_code
FIL-101157,2024-03-22 02:33:00,USER_INSIDER_MALORY,PC-MAL-01,E:\Exfil\Firmware_Source_v4_secret_24.bin,proprietary_code
FIL-101158,2024-03-22 02:33:00,USER_INSIDER_MALORY,PC-MAL-01,E:\Exfil\Firmware_Source_v4_secret_25.bin,proprietary_code
FIL-101159,2024-03-22 02:33:00,USER_INSIDER_MALORY,PC-MAL-01,E:\Exfil\Firmware_Source_v4_secret_26.bin,proprietary_code
FIL-101160,2024-03-22 02:34:00,USER_INSIDER_MALORY,PC-MAL-01,E:\Exfil\Firmware_Source_v4_secret_27.bin,proprietary_code
FIL-101161,2024-03-22 02:34:00,USER_INSIDER_MALORY,PC-MAL-01,E:\Exfil\Firmware_Source_v4_secret_28.bin,proprietary_code
FIL-101162,2024-03-22 02:34:00,USER_INSIDER_MALORY,PC-MAL-01,E:\Exfil\Firmware_Source_v4_secret_29.bin,proprietary_code
FIL-101163,2024-03-22 02:35:00,USER_INSIDER_MALORY,PC-MAL-01,E:\Exfil\Firmware_Source_v4_secret_30.bin,proprietary_code
FIL-101164,2024-03-22 02:35:00,USER_INSIDER_MALORY,PC-MAL-01,E:\Exfil\Firmware_Source_v4_secret_31.bin,proprietary_code
FIL-101165,2024-03-22 02:35:00,USER_INSIDER_MALORY,PC-MAL-01,E:\Exfil\Firmware_Source_v4_secret_32.bin,proprietary_code
FIL-101166,2024-03-22 02:36:00,USER_INSIDER_MALORY,PC-MAL-01,E:\Exfil\Firmware_Source_v4_secret_33.bin,proprietary_code
FIL-101167,2024-03-22 02:36:00,USER_INSIDER_MALORY,PC-MAL-01,E:\Exfil\Firmware_Source_v4_secret_34.bin,proprietary_code
FIL-101180,2024-03-23 02:25:00,USER_INSIDER_MALORY,PC-MAL-01,E:\Exfil\Firmware_Source_v4_secret_0.bin,proprietary_code
FIL-101181,2024-03-23 02:25:00,USER_INSIDER_MALORY,PC-MAL-01,E:\Exfil\Firmware_Source_v4_secret_1.bin,proprietary_code
FIL-101182,2024-03-23 02:25:00,USER_INSIDER_MALORY,PC-MAL-01,E:\Exfil\Firmware_Source_v4_secret_2.bin,proprietary_code
FIL-101183,2024-03-23 02:26:00,USER_INSIDER_MALORY,PC-MAL-01,E:\Exfil\Firmware_Source_v4_secret_3.bin,proprietary_code
FIL-101184,2024-03-23 02:26:00,USER_INSIDER_MALORY,PC-MAL-01,E:\Exfil\Firmware_Source_v4_secret_4.bin,proprietary_code
FIL-101185,2024-03-23 02:26:00,USER_INSIDER_MALORY,PC-MAL-01,E:\Exfil\Firmware_Source_v4_secret_5.bin,proprietary_code
FIL-101186,2024-03-23 02:27:00,USER_INSIDER_MALORY,PC-MAL-01,E:\Exfil\Firmware_Source_v4_secret_6.bin,proprietary_code
FIL-101187,2024-03-23 02:27:00,USER_INSIDER_MALORY,PC-MAL-01,E:\Exfil\Firmware_Source_v4_secret_7.bin,proprietary_code
FIL-101188,2024-03-23 02:27:00,USER_INSIDER_MALORY,PC-MAL-01,E:\Exfil\Firmware_Source_v4_secret_8.bin,proprietary_code
FIL-101189,2024-03-23 02:28:00,USER_INSIDER_MALORY,PC-MAL-01,E:\Exfil\Firmware_Source_v4_secret_9.bin,proprietary_code
FIL-101190,2024-03-23 02:28:00,USER_INSIDER_MALORY,PC-MAL-01,E:\Exfil\Firmware_Source_v4_secret_10.bin,proprietary_code
FIL-101191,2024-03-23 02:28:00,USER_INSIDER_MALORY,PC-MAL-01,E:\Exfil\Firmware_Source_v4_secret_11.bin,proprietary_code
FIL-101192,2024-03-23 02:29:00,USER_INSIDER_MALORY,PC-MAL-01,E:\Exfil\Firmware_Source_v4_secret_12.bin,proprietary_code
FIL-101193,2024-03-23 02:29:00,USER_INSIDER_MALORY,PC-MAL-01,E:\Exfil\Firmware_Source_v4_secret_13.bin,proprietary_code
FIL-101194,2024-03-23 02:29:00,USER_INSIDER_MALORY,PC-MAL-01,E:\Exfil\Firmware_Source_v4_secret_14.bin,proprietary_code
FIL-101195,2024-03-23 02:30:00,USER_INSIDER_MALORY,PC-MAL-01,E:\Exfil\Firmware_Source_v4_secret_15.bin,proprietary_code
FIL-101196,2024-03-23 02:30:00,USER_INSIDER_MALORY,PC-MAL-01,E:\Exfil\Firmware_Source_v4_secret_16.bin,proprietary_code
FIL-101197,2024-03-23 02:30:00,USER_INSIDER_MALORY,PC-MAL-01,E:\Exfil\Firmware_Source_v4_secret_17.bin,proprietary_code
FIL-101198,2024-03-23 02:31:00,USER_INSIDER_MALORY,PC-MAL-01,E:\Exfil\Firmware_Source_v4_secret_18.bin,proprietary_code
FIL-101199,2024-03-23 02:31:00,USER_INSIDER_MALORY,PC-MAL-01,E:\Exfil\Firmware_Source_v4_secret_19.bin,proprietary_code
FIL-101200,2024-03-23 02:31:00,USER_INSIDER_MALORY,PC-MAL-01,E:\Exfil\Firmware_Source_v4_secret_20.bin,proprietary_code
FIL-101201,2024-03-23 02:32:00,USER_INSIDER_MALORY,PC-MAL-01,E:\Exfil\Firmware_Source_v4_secret_21.bin,proprietary_code
FIL-101202,2024-03-23 02:32:00,USER_INSIDER_MALORY,PC-MAL-01,E:\Exfil\Firmware_Source_v4_secret_22.bin,proprietary_code
FIL-101203,2024-03-23 02:32:00,USER_INSIDER_MALORY,PC-MAL-01,E:\Exfil\Firmware_Source_v4_secret_23.bin,proprietary_code
FIL-101204,2024-03-23 02:33:00,USER_INSIDER_MALORY,PC-MAL-01,E:\Exfil\Firmware_Source_v4_secret_24.bin,proprietary_code
FIL-101205,2024-03-23 02:33:00,USER_INSIDER_MALORY,PC-MAL-01,E:\Exfil\Firmware_Source_v4_secret_25.bin,proprietary_code
FIL-101206,2024-03-23 02:33:00,USER_INSIDER_MALORY,PC-MAL-01,E:\Exfil\Firmware_Source_v4_secret_26.bin,proprietary_code
FIL-101207,2024-03-23 02:34:00,USER_INSIDER_MALORY,PC-MAL-01,E:\Exfil\Firmware_Source_v4_secret_27.bin,proprietary_code
FIL-101208,2024-03-23 02:34:00,USER_INSIDER_MALORY,PC-MAL-01,E:\Exfil\Firmware_Source_v4_secret_28.bin,proprietary_code
FIL-101209,2024-03-23 02:34:00,USER_INSIDER_MALORY,PC-MAL-01,E:\Exfil\Firmware_Source_v4_secret_29.bin,proprietary_code
FIL-101210,2024-03-23 02:35:00,USER_INSIDER_MALORY,PC-MAL-01,E:\Exfil\Firmware_Source_v4_secret_30.bin,proprietary_code
FIL-101211,2024-03-23 02:35:00,USER_INSIDER_MALORY,PC-MAL-01,E:\Exfil\Firmware_Source_v4_secret_31.bin,proprietary_code
FIL-101212,2024-03-23 02:35:00,USER_INSIDER_MALORY,PC-MAL-01,E:\Exfil\Firmware_Source_v4_secret_32.bin,proprietary_code
FIL-101213,2024-03-23 02:36:00,USER_INSIDER_MALORY,PC-MAL-01,E:\Exfil\Firmware_Source_v4_secret_33.bin,proprietary_code
FIL-101214,2024-03-23 02:36:00,USER_INSIDER_MALORY,PC-MAL-01,E:\Exfil\Firmware_Source_v4_secret_34.bin,proprietary_code
FIL-101219,2024-03-24 02:25:00,USER_INSIDER_MALORY,PC-MAL-01,E:\Exfil\Firmware_Source_v4_secret_0.bin,proprietary_code
FIL-101220,2024-03-24 02:25:00,USER_INSIDER_MALORY,PC-MAL-01,E:\Exfil\Firmware_Source_v4_secret_1.bin,proprietary_code
FIL-101221,2024-03-24 02:25:00,USER_INSIDER_MALORY,PC-MAL-01,E:\Exfil\Firmware_Source_v4_secret_2.bin,proprietary_code
FIL-101222,2024-03-24 02:26:00,USER_INSIDER_MALORY,PC-MAL-01,E:\Exfil\Firmware_Source_v4_secret_3.bin,proprietary_code
FIL-101223,2024-03-24 02:26:00,USER_INSIDER_MALORY,PC-MAL-01,E:\Exfil\Firmware_Source_v4_secret_4.bin,proprietary_code
FIL-101224,2024-03-24 02:26:00,USER_INSIDER_MALORY,PC-MAL-01,E:\Exfil\Firmware_Source_v4_secret_5.bin,proprietary_code
FIL-101225,2024-03-24 02:27:00,USER_INSIDER_MALORY,PC-MAL-01,E:\Exfil\Firmware_Source_v4_secret_6.bin,proprietary_code
FIL-101226,2024-03-24 02:27:00,USER_INSIDER_MALORY,PC-MAL-01,E:\Exfil\Firmware_Source_v4_secret_7.bin,proprietary_code
FIL-101227,2024-03-24 02:27:00,USER_INSIDER_MALORY,PC-MAL-01,E:\Exfil\Firmware_Source_v4_secret_8.bin,proprietary_code
FIL-101228,2024-03-24 02:28:00,USER_INSIDER_MALORY,PC-MAL-01,E:\Exfil\Firmware_Source_v4_secret_9.bin,proprietary_code
FIL-101229,2024-03-24 02:28:00,USER_INSIDER_MALORY,PC-MAL-01,E:\Exfil\Firmware_Source_v4_secret_10.bin,proprietary_code
FIL-101230,2024-03-24 02:28:00,USER_INSIDER_MALORY,PC-MAL-01,E:\Exfil\Firmware_Source_v4_secret_11.bin,proprietary_code
FIL-101231,2024-03-24 02:29:00,USER_INSIDER_MALORY,PC-MAL-01,E:\Exfil\Firmware_Source_v4_secret_12.bin,proprietary_code
FIL-101232,2024-03-24 02:29:00,USER_INSIDER_MALORY,PC-MAL-01,E:\Exfil\Firmware_Source_v4_secret_13.bin,proprietary_code
FIL-101233,2024-03-24 02:29:00,USER_INSIDER_MALORY,PC-MAL-01,E:\Exfil\Firmware_Source_v4_secret_14.bin,proprietary_code
FIL-101234,2024-03-24 02:30:00,USER_INSIDER_MALORY,PC-MAL-01,E:\Exfil\Firmware_Source_v4_secret_15.bin,proprietary_code
FIL-101235,2024-03-24 02:30:00,USER_INSIDER_MALORY,PC-MAL-01,E:\Exfil\Firmware_Source_v4_secret_16.bin,proprietary_code
FIL-101236,2024-03-24 02:30:00,USER_INSIDER_MALORY,PC-MAL-01,E:\Exfil\Firmware_Source_v4_secret_17.bin,proprietary_code
FIL-101237,2024-03-24 02:31:00,USER_INSIDER_MALORY,PC-MAL-01,E:\Exfil\Firmware_Source_v4_secret_18.bin,proprietary_code
FIL-101238,2024-03-24 02:31:00,USER_INSIDER_MALORY,PC-MAL-01,E:\Exfil\Firmware_Source_v4_secret_19.bin,proprietary_code
FIL-101239,2024-03-24 02:31:00,USER_INSIDER_MALORY,PC-MAL-01,E:\Exfil\Firmware_Source_v4_secret_20.bin,proprietary_code
FIL-101240,2024-03-24 02:32:00,USER_INSIDER_MALORY,PC-MAL-01,E:\Exfil\Firmware_Source_v4_secret_21.bin,proprietary_code
FIL-101241,2024-03-24 02:32:00,USER_INSIDER_MALORY,PC-MAL-01,E:\Exfil\Firmware_Source_v4_secret_22.bin,proprietary_code
FIL-101242,2024-03-24 02:32:00,USER_INSIDER_MALORY,PC-MAL-01,E:\Exfil\Firmware_Source_v4_secret_23.bin,proprietary_code
FIL-101243,2024-03-24 02:33:00,USER_INSIDER_MALORY,PC-MAL-01,E:\Exfil\Firmware_Source_v4_secret_24.bin,proprietary_code
FIL-101244,2024-03-24 02:33:00,USER_INSIDER_MALORY,PC-MAL-01,E:\Exfil\Firmware_Source_v4_secret_25.bin,proprietary_code
FIL-101245,2024-03-24 02:33:00,USER_INSIDER_MALORY,PC-MAL-01,E:\Exfil\Firmware_Source_v4_secret_26.bin,proprietary_code
FIL-101246,2024-03-24 02:34:00,USER_INSIDER_MALORY,PC-MAL-01,E:\Exfil\Firmware_Source_v4_secret_27.bin,proprietary_code
FIL-101247,2024-03-24 02:34:00,USER_INSIDER_MALORY,PC-MAL-01,E:\Exfil\Firmware_Source_v4_secret_28.bin,proprietary_code
FIL-101248,2024-03-24 02:34:00,USER_INSIDER_MALORY,PC-MAL-01,E:\Exfil\Firmware_Source_v4_secret_29.bin,proprietary_code
FIL-101249,2024-03-24 02:35:00,USER_INSIDER_MALORY,PC-MAL-01,E:\Exfil\Firmware_Source_v4_secret_30.bin,proprietary_code
FIL-101250,2024-03-24 02:35:00,USER_INSIDER_MALORY,PC-MAL-01,E:\Exfil\Firmware_Source_v4_secret_31.bin,proprietary_code
FIL-101251,2024-03-24 02:35:00,USER_INSIDER_MALORY,PC-MAL-01,E:\Exfil\Firmware_Source_v4_secret_32.bin,proprietary_code
FIL-101252,2024-03-24 02:36:00,USER_INSIDER_MALORY,PC-MAL-01,E:\Exfil\Firmware_Source_v4_secret_33.bin,proprietary_code
FIL-101253,2024-03-24 02:36:00,USER_INSIDER_MALORY,PC-MAL-01,E:\Exfil\Firmware_Source_v4_secret_34.bin,proprietary_code
FIL-101260,2024-03-25 02:25:00,USER_INSIDER_MALORY,PC-MAL-01,E:\Exfil\Firmware_Source_v4_secret_0.bin,proprietary_code
FIL-101261,2024-03-25 02:25:00,USER_INSIDER_MALORY,PC-MAL-01,E:\Exfil\Firmware_Source_v4_secret_1.bin,proprietary_code
FIL-101262,2024-03-25 02:25:00,USER_INSIDER_MALORY,PC-MAL-01,E:\Exfil\Firmware_Source_v4_secret_2.bin,proprietary_code
FIL-101263,2024-03-25 02:26:00,USER_INSIDER_MALORY,PC-MAL-01,E:\Exfil\Firmware_Source_v4_secret_3.bin,proprietary_code
FIL-101264,2024-03-25 02:26:00,USER_INSIDER_MALORY,PC-MAL-01,E:\Exfil\Firmware_Source_v4_secret_4.bin,proprietary_code
FIL-101265,2024-03-25 02:26:00,USER_INSIDER_MALORY,PC-MAL-01,E:\Exfil\Firmware_Source_v4_secret_5.bin,proprietary_code
FIL-101266,2024-03-25 02:27:00,USER_INSIDER_MALORY,PC-MAL-01,E:\Exfil\Firmware_Source_v4_secret_6.bin,proprietary_code
FIL-101267,2024-03-25 02:27:00,USER_INSIDER_MALORY,PC-MAL-01,E:\Exfil\Firmware_Source_v4_secret_7.bin,proprietary_code
FIL-101268,2024-03-25 02:27:00,USER_INSIDER_MALORY,PC-MAL-01,E:\Exfil\Firmware_Source_v4_secret_8.bin,proprietary_code
FIL-101269,2024-03-25 02:28:00,USER_INSIDER_MALORY,PC-MAL-01,E:\Exfil\Firmware_Source_v4_secret_9.bin,proprietary_code
FIL-101270,2024-03-25 02:28:00,USER_INSIDER_MALORY,PC-MAL-01,E:\Exfil\Firmware_Source_v4_secret_10.bin,proprietary_code
FIL-101271,2024-03-25 02:28:00,USER_INSIDER_MALORY,PC-MAL-01,E:\Exfil\Firmware_Source_v4_secret_11.bin,proprietary_code
FIL-101272,2024-03-25 02:29:00,USER_INSIDER_MALORY,PC-MAL-01,E:\Exfil\Firmware_Source_v4_secret_12.bin,proprietary_code
FIL-101273,2024-03-25 02:29:00,USER_INSIDER_MALORY,PC-MAL-01,E:\Exfil\Firmware_Source_v4_secret_13.bin,proprietary_code
FIL-101274,2024-03-25 02:29:00,USER_INSIDER_MALORY,PC-MAL-01,E:\Exfil\Firmware_Source_v4_secret_14.bin,proprietary_code
FIL-101275,2024-03-25 02:30:00,USER_INSIDER_MALORY,PC-MAL-01,E:\Exfil\Firmware_Source_v4_secret_15.bin,proprietary_code
FIL-101276,2024-03-25 02:30:00,USER_INSIDER_MALORY,PC-MAL-01,E:\Exfil\Firmware_Source_v4_secret_16.bin,proprietary_code
FIL-101277,2024-03-25 02:30:00,USER_INSIDER_MALORY,PC-MAL-01,E:\Exfil\Firmware_Source_v4_secret_17.bin,proprietary_code
FIL-101278,2024-03-25 02:31:00,USER_INSIDER_MALORY,PC-MAL-01,E:\Exfil\Firmware_Source_v4_secret_18.bin,proprietary_code
FIL-101279,2024-03-25 02:31:00,USER_INSIDER_MALORY,PC-MAL-01,E:\Exfil\Firmware_Source_v4_secret_19.bin,proprietary_code
FIL-101280,2024-03-25 02:31:00,USER_INSIDER_MALORY,PC-MAL-01,E:\Exfil\Firmware_Source_v4_secret_20.bin,proprietary_code
FIL-101281,2024-03-25 02:32:00,USER_INSIDER_MALORY,PC-MAL-01,E:\Exfil\Firmware_Source_v4_secret_21.bin,proprietary_code
FIL-101282,2024-03-25 02:32:00,USER_INSIDER_MALORY,PC-MAL-01,E:\Exfil\Firmware_Source_v4_secret_22.bin,proprietary_code
FIL-101283,2024-03-25 02:32:00,USER_INSIDER_MALORY,PC-MAL-01,E:\Exfil\Firmware_Source_v4_secret_23.bin,proprietary_code
FIL-101284,2024-03-25 02:33:00,USER_INSIDER_MALORY,PC-MAL-01,E:\Exfil\Firmware_Source_v4_secret_24.bin,proprietary_code
FIL-101285,2024-03-25 02:33:00,USER_INSIDER_MALORY,PC-MAL-01,E:\Exfil\Firmware_Source_v4_secret_25.bin,proprietary_code
FIL-101286,2024-03-25 02:33:00,USER_INSIDER_MALORY,PC-MAL-01,E:\Exfil\Firmware_Source_v4_secret_26.bin,proprietary_code
FIL-101287,2024-03-25 02:34:00,USER_INSIDER_MALORY,PC-MAL-01,E:\Exfil\Firmware_Source_v4_secret_27.bin,proprietary_code
FIL-101288,2024-03-25 02:34:00,USER_INSIDER_MALORY,PC-MAL-01,E:\Exfil\Firmware_Source_v4_secret_28.bin,proprietary_code
FIL-101289,2024-03-25 02:34:00,USER_INSIDER_MALORY,PC-MAL-01,E:\Exfil\Firmware_Source_v4_secret_29.bin,proprietary_code
FIL-101290,2024-03-25 02:35:00,USER_INSIDER_MALORY,PC-MAL-01,E:\Exfil\Firmware_Source_v4_secret_30.bin,proprietary_code
FIL-101291,2024-03-25 02:35:00,USER_INSIDER_MALORY,PC-MAL-01,E:\Exfil\Firmware_Source_v4_secret_31.bin,proprietary_code
FIL-101292,2024-03-25 02:35:00,USER_INSIDER_MALORY,PC-MAL-01,E:\Exfil\Firmware_Source_v4_secret_32.bin,proprietary_code
FIL-101293,2024-03-25 02:36:00,USER_INSIDER_MALORY,PC-MAL-01,E:\Exfil\Firmware_Source_v4_secret_33.bin,proprietary_code
FIL-101294,2024-03-25 02:36:00,USER_INSIDER_MALORY,PC-MAL-01,E:\Exfil\Firmware_Source_v4_secret_34.bin,proprietary_code
FIL-101309,2024-03-26 02:25:00,USER_INSIDER_MALORY,PC-MAL-01,E:\Exfil\Firmware_Source_v4_secret_0.bin,proprietary_code
FIL-101310,2024-03-26 02:25:00,USER_INSIDER_MALORY,PC-MAL-01,E:\Exfil\Firmware_Source_v4_secret_1.bin,proprietary_code
FIL-101311,2024-03-26 02:25:00,USER_INSIDER_MALORY,PC-MAL-01,E:\Exfil\Firmware_Source_v4_secret_2.bin,proprietary_code
FIL-101312,2024-03-26 02:26:00,USER_INSIDER_MALORY,PC-MAL-01,E:\Exfil\Firmware_Source_v4_secret_3.bin,proprietary_code
FIL-101313,2024-03-26 02:26:00,USER_INSIDER_MALORY,PC-MAL-01,E:\Exfil\Firmware_Source_v4_secret_4.bin,proprietary_code
FIL-101314,2024-03-26 02:26:00,USER_INSIDER_MALORY,PC-MAL-01,E:\Exfil\Firmware_Source_v4_secret_5.bin,proprietary_code
FIL-101315,2024-03-26 02:27:00,USER_INSIDER_MALORY,PC-MAL-01,E:\Exfil\Firmware_Source_v4_secret_6.bin,proprietary_code
FIL-101316,2024-03-26 02:27:00,USER_INSIDER_MALORY,PC-MAL-01,E:\Exfil\Firmware_Source_v4_secret_7.bin,proprietary_code
FIL-101317,2024-03-26 02:27:00,USER_INSIDER_MALORY,PC-MAL-01,E:\Exfil\Firmware_Source_v4_secret_8.bin,proprietary_code
FIL-101318,2024-03-26 02:28:00,USER_INSIDER_MALORY,PC-MAL-01,E:\Exfil\Firmware_Source_v4_secret_9.bin,proprietary_code
FIL-101319,2024-03-26 02:28:00,USER_INSIDER_MALORY,PC-MAL-01,E:\Exfil\Firmware_Source_v4_secret_10.bin,proprietary_code
FIL-101320,2024-03-26 02:28:00,USER_INSIDER_MALORY,PC-MAL-01,E:\Exfil\Firmware_Source_v4_secret_11.bin,proprietary_code
FIL-101321,2024-03-26 02:29:00,USER_INSIDER_MALORY,PC-MAL-01,E:\Exfil\Firmware_Source_v4_secret_12.bin,proprietary_code
FIL-101322,2024-03-26 02:29:00,USER_INSIDER_MALORY,PC-MAL-01,E:\Exfil\Firmware_Source_v4_secret_13.bin,proprietary_code
FIL-101323,2024-03-26 02:29:00,USER_INSIDER_MALORY,PC-MAL-01,E:\Exfil\Firmware_Source_v4_secret_14.bin,proprietary_code
FIL-101324,2024-03-26 02:30:00,USER_INSIDER_MALORY,PC-MAL-01,E:\Exfil\Firmware_Source_v4_secret_15.bin,proprietary_code
FIL-101325,2024-03-26 02:30:00,USER_INSIDER_MALORY,PC-MAL-01,E:\Exfil\Firmware_Source_v4_secret_16.bin,proprietary_code
FIL-101326,2024-03-26 02:30:00,USER_INSIDER_MALORY,PC-MAL-01,E:\Exfil\Firmware_Source_v4_secret_17.bin,proprietary_code
FIL-101327,2024-03-26 02:31:00,USER_INSIDER_MALORY,PC-MAL-01,E:\Exfil\Firmware_Source_v4_secret_18.bin,proprietary_code
FIL-101328,2024-03-26 02:31:00,USER_INSIDER_MALORY,PC-MAL-01,E:\Exfil\Firmware_Source_v4_secret_19.bin,proprietary_code
FIL-101329,2024-03-26 02:31:00,USER_INSIDER_MALORY,PC-MAL-01,E:\Exfil\Firmware_Source_v4_secret_20.bin,proprietary_code
FIL-101330,2024-03-26 02:32:00,USER_INSIDER_MALORY,PC-MAL-01,E:\Exfil\Firmware_Source_v4_secret_21.bin,proprietary_code
FIL-101331,2024-03-26 02:32:00,USER_INSIDER_MALORY,PC-MAL-01,E:\Exfil\Firmware_Source_v4_secret_22.bin,proprietary_code
FIL-101332,2024-03-26 02:32:00,USER_INSIDER_MALORY,PC-MAL-01,E:\Exfil\Firmware_Source_v4_secret_23.bin,proprietary_code
FIL-101333,2024-03-26 02:33:00,USER_INSIDER_MALORY,PC-MAL-01,E:\Exfil\Firmware_Source_v4_secret_24.bin,proprietary_code
FIL-101334,2024-03-26 02:33:00,USER_INSIDER_MALORY,PC-MAL-01,E:\Exfil\Firmware_Source_v4_secret_25.bin,proprietary_code
FIL-101335,2024-03-26 02:33:00,USER_INSIDER_MALORY,PC-MAL-01,E:\Exfil\Firmware_Source_v4_secret_26.bin,proprietary_code
FIL-101336,2024-03-26 02:34:00,USER_INSIDER_MALORY,PC-MAL-01,E:\Exfil\Firmware_Source_v4_secret_27.bin,proprietary_code
FIL-101337,2024-03-26 02:34:00,USER_INSIDER_MALORY,PC-MAL-01,E:\Exfil\Firmware_Source_v4_secret_28.bin,proprietary_code
FIL-101338,2024-03-26 02:34:00,USER_INSIDER_MALORY,PC-MAL-01,E:\Exfil\Firmware_Source_v4_secret_29.bin,proprietary_code
FIL-101339,2024-03-26 02:35:00,USER_INSIDER_MALORY,PC-MAL-01,E:\Exfil\Firmware_Source_v4_secret_30.bin,proprietary_code
FIL-101340,2024-03-26 02:35:00,USER_INSIDER_MALORY,PC-MAL-01,E:\Exfil\Firmware_Source_v4_secret_31.bin,proprietary_code
FIL-101341,2024-03-26 02:35:00,USER_INSIDER_MALORY,PC-MAL-01,E:\Exfil\Firmware_Source_v4_secret_32.bin,proprietary_code
FIL-101342,2024-03-26 02:36:00,USER_INSIDER_MALORY,PC-MAL-01,E:\Exfil\Firmware_Source_v4_secret_33.bin,proprietary_code
FIL-101343,2024-03-26 02:36:00,USER_INSIDER_MALORY,PC-MAL-01,E:\Exfil\Firmware_Source_v4_secret_34.bin,proprietary_code
FIL-101358,2024-03-27 02:25:00,USER_INSIDER_MALORY,PC-MAL-01,E:\Exfil\Firmware_Source_v4_secret_0.bin,proprietary_code
FIL-101359,2024-03-27 02:25:00,USER_INSIDER_MALORY,PC-MAL-01,E:\Exfil\Firmware_Source_v4_secret_1.bin,proprietary_code
FIL-101360,2024-03-27 02:25:00,USER_INSIDER_MALORY,PC-MAL-01,E:\Exfil\Firmware_Source_v4_secret_2.bin,proprietary_code
FIL-101361,2024-03-27 02:26:00,USER_INSIDER_MALORY,PC-MAL-01,E:\Exfil\Firmware_Source_v4_secret_3.bin,proprietary_code
FIL-101362,2024-03-27 02:26:00,USER_INSIDER_MALORY,PC-MAL-01,E:\Exfil\Firmware_Source_v4_secret_4.bin,proprietary_code
FIL-101363,2024-03-27 02:26:00,USER_INSIDER_MALORY,PC-MAL-01,E:\Exfil\Firmware_Source_v4_secret_5.bin,proprietary_code
FIL-101364,2024-03-27 02:27:00,USER_INSIDER_MALORY,PC-MAL-01,E:\Exfil\Firmware_Source_v4_secret_6.bin,proprietary_code
FIL-101365,2024-03-27 02:27:00,USER_INSIDER_MALORY,PC-MAL-01,E:\Exfil\Firmware_Source_v4_secret_7.bin,proprietary_code
FIL-101366,2024-03-27 02:27:00,USER_INSIDER_MALORY,PC-MAL-01,E:\Exfil\Firmware_Source_v4_secret_8.bin,proprietary_code
FIL-101367,2024-03-27 02:28:00,USER_INSIDER_MALORY,PC-MAL-01,E:\Exfil\Firmware_Source_v4_secret_9.bin,proprietary_code
FIL-101368,2024-03-27 02:28:00,USER_INSIDER_MALORY,PC-MAL-01,E:\Exfil\Firmware_Source_v4_secret_10.bin,proprietary_code
FIL-101369,2024-03-27 02:28:00,USER_INSIDER_MALORY,PC-MAL-01,E:\Exfil\Firmware_Source_v4_secret_11.bin,proprietary_code
FIL-101370,2024-03-27 02:29:00,USER_INSIDER_MALORY,PC-MAL-01,E:\Exfil\Firmware_Source_v4_secret_12.bin,proprietary_code
FIL-101371,2024-03-27 02:29:00,USER_INSIDER_MALORY,PC-MAL-01,E:\Exfil\Firmware_Source_v4_secret_13.bin,proprietary_code
FIL-101372,2024-03-27 02:29:00,USER_INSIDER_MALORY,PC-MAL-01,E:\Exfil\Firmware_Source_v4_secret_14.bin,proprietary_code
FIL-101373,2024-03-27 02:30:00,USER_INSIDER_MALORY,PC-MAL-01,E:\Exfil\Firmware_Source_v4_secret_15.bin,proprietary_code
FIL-101374,2024-03-27 02:30:00,USER_INSIDER_MALORY,PC-MAL-01,E:\Exfil\Firmware_Source_v4_secret_16.bin,proprietary_code
FIL-101375,2024-03-27 02:30:00,USER_INSIDER_MALORY,PC-MAL-01,E:\Exfil\Firmware_Source_v4_secret_17.bin,proprietary_code
FIL-101376,2024-03-27 02:31:00,USER_INSIDER_MALORY,PC-MAL-01,E:\Exfil\Firmware_Source_v4_secret_18.bin,proprietary_code
FIL-101377,2024-03-27 02:31:00,USER_INSIDER_MALORY,PC-MAL-01,E:\Exfil\Firmware_Source_v4_secret_19.bin,proprietary_code
FIL-101378,2024-03-27 02:31:00,USER_INSIDER_MALORY,PC-MAL-01,E:\Exfil\Firmware_Source_v4_secret_20.bin,proprietary_code
FIL-101379,2024-03-27 02:32:00,USER_INSIDER_MALORY,PC-MAL-01,E:\Exfil\Firmware_Source_v4_secret_21.bin,proprietary_code
FIL-101380,2024-03-27 02:32:00,USER_INSIDER_MALORY,PC-MAL-01,E:\Exfil\Firmware_Source_v4_secret_22.bin,proprietary_code
FIL-101381,2024-03-27 02:32:00,USER_INSIDER_MALORY,PC-MAL-01,E:\Exfil\Firmware_Source_v4_secret_23.bin,proprietary_code
FIL-101382,2024-03-27 02:33:00,USER_INSIDER_MALORY,PC-MAL-01,E:\Exfil\Firmware_Source_v4_secret_24.bin,proprietary_code
FIL-101383,2024-03-27 02:33:00,USER_INSIDER_MALORY,PC-MAL-01,E:\Exfil\Firmware_Source_v4_secret_25.bin,proprietary_code
FIL-101384,2024-03-27 02:33:00,USER_INSIDER_MALORY,PC-MAL-01,E:\Exfil\Firmware_Source_v4_secret_26.bin,proprietary_code
FIL-101385,2024-03-27 02:34:00,USER_INSIDER_MALORY,PC-MAL-01,E:\Exfil\Firmware_Source_v4_secret_27.bin,proprietary_code
FIL-101386,2024-03-27 02:34:00,USER_INSIDER_MALORY,PC-MAL-01,E:\Exfil\Firmware_Source_v4_secret_28.bin,proprietary_code
FIL-101387,2024-03-27 02:34:00,USER_INSIDER_MALORY,PC-MAL-01,E:\Exfil\Firmware_Source_v4_secret_29.bin,proprietary_code
FIL-101388,2024-03-27 02:35:00,USER_INSIDER_MALORY,PC-MAL-01,E:\Exfil\Firmware_Source_v4_secret_30.bin,proprietary_code
FIL-101389,2024-03-27 02:35:00,USER_INSIDER_MALORY,PC-MAL-01,E:\Exfil\Firmware_Source_v4_secret_31.bin,proprietary_code
FIL-101390,2024-03-27 02:35:00,USER_INSIDER_MALORY,PC-MAL-01,E:\Exfil\Firmware_Source_v4_secret_32.bin,proprietary_code
FIL-101391,2024-03-27 02:36:00,USER_INSIDER_MALORY,PC-MAL-01,E:\Exfil\Firmware_Source_v4_secret_33.bin,proprietary_code
FIL-101392,2024-03-27 02:36:00,USER_INSIDER_MALORY,PC-MAL-01,E:\Exfil\Firmware_Source_v4_secret_34.bin,proprietary_code
FIL-101407,2024-03-28 02:25:00,USER_INSIDER_MALORY,PC-MAL-01,E:\Exfil\Firmware_Source_v4_secret_0.bin,proprietary_code
FIL-101408,2024-03-28 02:25:00,USER_INSIDER_MALORY,PC-MAL-01,E:\Exfil\Firmware_Source_v4_secret_1.bin,proprietary_code
FIL-101409,2024-03-28 02:25:00,USER_INSIDER_MALORY,PC-MAL-01,E:\Exfil\Firmware_Source_v4_secret_2.bin,proprietary_code
FIL-101410,2024-03-28 02:26:00,USER_INSIDER_MALORY,PC-MAL-01,E:\Exfil\Firmware_Source_v4_secret_3.bin,proprietary_code
FIL-101411,2024-03-28 02:26:00,USER_INSIDER_MALORY,PC-MAL-01,E:\Exfil\Firmware_Source_v4_secret_4.bin,proprietary_code
FIL-101412,2024-03-28 02:26:00,USER_INSIDER_MALORY,PC-MAL-01,E:\Exfil\Firmware_Source_v4_secret_5.bin,proprietary_code
FIL-101413,2024-03-28 02:27:00,USER_INSIDER_MALORY,PC-MAL-01,E:\Exfil\Firmware_Source_v4_secret_6.bin,proprietary_code
FIL-101414,2024-03-28 02:27:00,USER_INSIDER_MALORY,PC-MAL-01,E:\Exfil\Firmware_Source_v4_secret_7.bin,proprietary_code
FIL-101415,2024-03-28 02:27:00,USER_INSIDER_MALORY,PC-MAL-01,E:\Exfil\Firmware_Source_v4_secret_8.bin,proprietary_code
FIL-101416,2024-03-28 02:28:00,USER_INSIDER_MALORY,PC-MAL-01,E:\Exfil\Firmware_Source_v4_secret_9.bin,proprietary_code
FIL-101417,2024-03-28 02:28:00,USER_INSIDER_MALORY,PC-MAL-01,E:\Exfil\Firmware_Source_v4_secret_10.bin,proprietary_code
FIL-101418,2024-03-28 02:28:00,USER_INSIDER_MALORY,PC-MAL-01,E:\Exfil\Firmware_Source_v4_secret_11.bin,proprietary_code
FIL-101419,2024-03-28 02:29:00,USER_INSIDER_MALORY,PC-MAL-01,E:\Exfil\Firmware_Source_v4_secret_12.bin,proprietary_code
FIL-101420,2024-03-28 02:29:00,USER_INSIDER_MALORY,PC-MAL-01,E:\Exfil\Firmware_Source_v4_secret_13.bin,proprietary_code
FIL-101421,2024-03-28 02:29:00,USER_INSIDER_MALORY,PC-MAL-01,E:\Exfil\Firmware_Source_v4_secret_14.bin,proprietary_code
FIL-101422,2024-03-28 02:30:00,USER_INSIDER_MALORY,PC-MAL-01,E:\Exfil\Firmware_Source_v4_secret_15.bin,proprietary_code
FIL-101423,2024-03-28 02:30:00,USER_INSIDER_MALORY,PC-MAL-01,E:\Exfil\Firmware_Source_v4_secret_16.bin,proprietary_code
FIL-101424,2024-03-28 02:30:00,USER_INSIDER_MALORY,PC-MAL-01,E:\Exfil\Firmware_Source_v4_secret_17.bin,proprietary_code
FIL-101425,2024-03-28 02:31:00,USER_INSIDER_MALORY,PC-MAL-01,E:\Exfil\Firmware_Source_v4_secret_18.bin,proprietary_code
FIL-101426,2024-03-28 02:31:00,USER_INSIDER_MALORY,PC-MAL-01,E:\Exfil\Firmware_Source_v4_secret_19.bin,proprietary_code
FIL-101427,2024-03-28 02:31:00,USER_INSIDER_MALORY,PC-MAL-01,E:\Exfil\Firmware_Source_v4_secret_20.bin,proprietary_code
FIL-101428,2024-03-28 02:32:00,USER_INSIDER_MALORY,PC-MAL-01,E:\Exfil\Firmware_Source_v4_secret_21.bin,proprietary_code
FIL-101429,2024-03-28 02:32:00,USER_INSIDER_MALORY,PC-MAL-01,E:\Exfil\Firmware_Source_v4_secret_22.bin,proprietary_code
FIL-101430,2024-03-28 02:32:00,USER_INSIDER_MALORY,PC-MAL-01,E:\Exfil\Firmware_Source_v4_secret_23.bin,proprietary_code
FIL-101431,2024-03-28 02:33:00,USER_INSIDER_MALORY,PC-MAL-01,E:\Exfil\Firmware_Source_v4_secret_24.bin,proprietary_code
FIL-101432,2024-03-28 02:33:00,USER_INSIDER_MALORY,PC-MAL-01,E:\Exfil\Firmware_Source_v4_secret_25.bin,proprietary_code
FIL-101433,2024-03-28 02:33:00,USER_INSIDER_MALORY,PC-MAL-01,E:\Exfil\Firmware_Source_v4_secret_26.bin,proprietary_code
FIL-101434,2024-03-28 02:34:00,USER_INSIDER_MALORY,PC-MAL-01,E:\Exfil\Firmware_Source_v4_secret_27.bin,proprietary_code
FIL-101435,2024-03-28 02:34:00,USER_INSIDER_MALORY,PC-MAL-01,E:\Exfil\Firmware_Source_v4_secret_28.bin,proprietary_code
FIL-101436,2024-03-28 02:34:00,USER_INSIDER_MALORY,PC-MAL-01,E:\Exfil\Firmware_Source_v4_secret_29.bin,proprietary_code
FIL-101437,2024-03-28 02:35:00,USER_INSIDER_MALORY,PC-MAL-01,E:\Exfil\Firmware_Source_v4_secret_30.bin,proprietary_code
FIL-101438,2024-03-28 02:35:00,USER_INSIDER_MALORY,PC-MAL-01,E:\Exfil\Firmware_Source_v4_secret_31.bin,proprietary_code
FIL-101439,2024-03-28 02:35:00,USER_INSIDER_MALORY,PC-MAL-01,E:\Exfil\Firmware_Source_v4_secret_32.bin,proprietary_code
FIL-101440,2024-03-28 02:36:00,USER_INSIDER_MALORY,PC-MAL-01,E:\Exfil\Firmware_Source_v4_secret_33.bin,proprietary_code
FIL-101441,2024-03-28 02:36:00,USER_INSIDER_MALORY,PC-MAL-01,E:\Exfil\Firmware_Source_v4_secret_34.bin,proprietary_code
FIL-101456,2024-03-29 02:25:00,USER_INSIDER_MALORY,PC-MAL-01,E:\Exfil\Firmware_Source_v4_secret_0.bin,proprietary_code
FIL-101457,2024-03-29 02:25:00,USER_INSIDER_MALORY,PC-MAL-01,E:\Exfil\Firmware_Source_v4_secret_1.bin,proprietary_code
FIL-101458,2024-03-29 02:25:00,USER_INSIDER_MALORY,PC-MAL-01,E:\Exfil\Firmware_Source_v4_secret_2.bin,proprietary_code
FIL-101459,2024-03-29 02:26:00,USER_INSIDER_MALORY,PC-MAL-01,E:\Exfil\Firmware_Source_v4_secret_3.bin,proprietary_code
FIL-101460,2024-03-29 02:26:00,USER_INSIDER_MALORY,PC-MAL-01,E:\Exfil\Firmware_Source_v4_secret_4.bin,proprietary_code
FIL-101461,2024-03-29 02:26:00,USER_INSIDER_MALORY,PC-MAL-01,E:\Exfil\Firmware_Source_v4_secret_5.bin,proprietary_code
FIL-101462,2024-03-29 02:27:00,USER_INSIDER_MALORY,PC-MAL-01,E:\Exfil\Firmware_Source_v4_secret_6.bin,proprietary_code
FIL-101463,2024-03-29 02:27:00,USER_INSIDER_MALORY,PC-MAL-01,E:\Exfil\Firmware_Source_v4_secret_7.bin,proprietary_code
FIL-101464,2024-03-29 02:27:00,USER_INSIDER_MALORY,PC-MAL-01,E:\Exfil\Firmware_Source_v4_secret_8.bin,proprietary_code
FIL-101465,2024-03-29 02:28:00,USER_INSIDER_MALORY,PC-MAL-01,E:\Exfil\Firmware_Source_v4_secret_9.bin,proprietary_code
FIL-101466,2024-03-29 02:28:00,USER_INSIDER_MALORY,PC-MAL-01,E:\Exfil\Firmware_Source_v4_secret_10.bin,proprietary_code
FIL-101467,2024-03-29 02:28:00,USER_INSIDER_MALORY,PC-MAL-01,E:\Exfil\Firmware_Source_v4_secret_11.bin,proprietary_code
FIL-101468,2024-03-29 02:29:00,USER_INSIDER_MALORY,PC-MAL-01,E:\Exfil\Firmware_Source_v4_secret_12.bin,proprietary_code
FIL-101469,2024-03-29 02:29:00,USER_INSIDER_MALORY,PC-MAL-01,E:\Exfil\Firmware_Source_v4_secret_13.bin,proprietary_code
FIL-101470,2024-03-29 02:29:00,USER_INSIDER_MALORY,PC-MAL-01,E:\Exfil\Firmware_Source_v4_secret_14.bin,proprietary_code
FIL-101471,2024-03-29 02:30:00,USER_INSIDER_MALORY,PC-MAL-01,E:\Exfil\Firmware_Source_v4_secret_15.bin,proprietary_code
FIL-101472,2024-03-29 02:30:00,USER_INSIDER_MALORY,PC-MAL-01,E:\Exfil\Firmware_Source_v4_secret_16.bin,proprietary_code
FIL-101473,2024-03-29 02:30:00,USER_INSIDER_MALORY,PC-MAL-01,E:\Exfil\Firmware_Source_v4_secret_17.bin,proprietary_code
FIL-101474,2024-03-29 02:31:00,USER_INSIDER_MALORY,PC-MAL-01,E:\Exfil\Firmware_Source_v4_secret_18.bin,proprietary_code
FIL-101475,2024-03-29 02:31:00,USER_INSIDER_MALORY,PC-MAL-01,E:\Exfil\Firmware_Source_v4_secret_19.bin,proprietary_code
FIL-101476,2024-03-29 02:31:00,USER_INSIDER_MALORY,PC-MAL-01,E:\Exfil\Firmware_Source_v4_secret_20.bin,proprietary_code
FIL-101477,2024-03-29 02:32:00,USER_INSIDER_MALORY,PC-MAL-01,E:\Exfil\Firmware_Source_v4_secret_21.bin,proprietary_code
FIL-101478,2024-03-29 02:32:00,USER_INSIDER_MALORY,PC-MAL-01,E:\Exfil\Firmware_Source_v4_secret_22.bin,proprietary_code
FIL-101479,2024-03-29 02:32:00,USER_INSIDER_MALORY,PC-MAL-01,E:\Exfil\Firmware_Source_v4_secret_23.bin,proprietary_code
FIL-101480,2024-03-29 02:33:00,USER_INSIDER_MALORY,PC-MAL-01,E:\Exfil\Firmware_Source_v4_secret_24.bin,proprietary_code
FIL-101481,2024-03-29 02:33:00,USER_INSIDER_MALORY,PC-MAL-01,E:\Exfil\Firmware_Source_v4_secret_25.bin,proprietary_code
FIL-101482,2024-03-29 02:33:00,USER_INSIDER_MALORY,PC-MAL-01,E:\Exfil\Firmware_Source_v4_secret_26.bin,proprietary_code
FIL-101483,2024-03-29 02:34:00,USER_INSIDER_MALORY,PC-MAL-01,E:\Exfil\Firmware_Source_v4_secret_27.bin,proprietary_code
FIL-101484,2024-03-29 02:34:00,USER_INSIDER_MALORY,PC-MAL-01,E:\Exfil\Firmware_Source_v4_secret_28.bin,proprietary_code
FIL-101485,2024-03-29 02:34:00,USER_INSIDER_MALORY,PC-MAL-01,E:\Exfil\Firmware_Source_v4_secret_29.bin,proprietary_code
FIL-101486,2024-03-29 02:35:00,USER_INSIDER_MALORY,PC-MAL-01,E:\Exfil\Firmware_Source_v4_secret_30.bin,proprietary_code
FIL-101487,2024-03-29 02:35:00,USER_INSIDER_MALORY,PC-MAL-01,E:\Exfil\Firmware_Source_v4_secret_31.bin,proprietary_code
FIL-101488,2024-03-29 02:35:00,USER_INSIDER_MALORY,PC-MAL-01,E:\Exfil\Firmware_Source_v4_secret_32.bin,proprietary_code
FIL-101489,2024-03-29 02:36:00,USER_INSIDER_MALORY,PC-MAL-01,E:\Exfil\Firmware_Source_v4_secret_33.bin,proprietary_code
FIL-101490,2024-03-29 02:36:00,USER_INSIDER_MALORY,PC-MAL-01,E:\Exfil\Firmware_Source_v4_secret_34.bin,proprietary_code
FIL-101503,2024-03-30 02:25:00,USER_INSIDER_MALORY,PC-MAL-01,E:\Exfil\Firmware_Source_v4_secret_0.bin,proprietary_code
FIL-101504,2024-03-30 02:25:00,USER_INSIDER_MALORY,PC-MAL-01,E:\Exfil\Firmware_Source_v4_secret_1.bin,proprietary_code
FIL-101505,2024-03-30 02:25:00,USER_INSIDER_MALORY,PC-MAL-01,E:\Exfil\Firmware_Source_v4_secret_2.bin,proprietary_code
FIL-101506,2024-03-30 02:26:00,USER_INSIDER_MALORY,PC-MAL-01,E:\Exfil\Firmware_Source_v4_secret_3.bin,proprietary_code
FIL-101507,2024-03-30 02:26:00,USER_INSIDER_MALORY,PC-MAL-01,E:\Exfil\Firmware_Source_v4_secret_4.bin,proprietary_code
FIL-101508,2024-03-30 02:26:00,USER_INSIDER_MALORY,PC-MAL-01,E:\Exfil\Firmware_Source_v4_secret_5.bin,proprietary_code
FIL-101509,2024-03-30 02:27:00,USER_INSIDER_MALORY,PC-MAL-01,E:\Exfil\Firmware_Source_v4_secret_6.bin,proprietary_code
FIL-101510,2024-03-30 02:27:00,USER_INSIDER_MALORY,PC-MAL-01,E:\Exfil\Firmware_Source_v4_secret_7.bin,proprietary_code
FIL-101511,2024-03-30 02:27:00,USER_INSIDER_MALORY,PC-MAL-01,E:\Exfil\Firmware_Source_v4_secret_8.bin,proprietary_code
FIL-101512,2024-03-30 02:28:00,USER_INSIDER_MALORY,PC-MAL-01,E:\Exfil\Firmware_Source_v4_secret_9.bin,proprietary_code
FIL-101513,2024-03-30 02:28:00,USER_INSIDER_MALORY,PC-MAL-01,E:\Exfil\Firmware_Source_v4_secret_10.bin,proprietary_code
FIL-101514,2024-03-30 02:28:00,USER_INSIDER_MALORY,PC-MAL-01,E:\Exfil\Firmware_Source_v4_secret_11.bin,proprietary_code
FIL-101515,2024-03-30 02:29:00,USER_INSIDER_MALORY,PC-MAL-01,E:\Exfil\Firmware_Source_v4_secret_12.bin,proprietary_code
FIL-101516,2024-03-30 02:29:00,USER_INSIDER_MALORY,PC-MAL-01,E:\Exfil\Firmware_Source_v4_secret_13.bin,proprietary_code
FIL-101517,2024-03-30 02:29:00,USER_INSIDER_MALORY,PC-MAL-01,E:\Exfil\Firmware_Source_v4_secret_14.bin,proprietary_code
FIL-101518,2024-03-30 02:30:00,USER_INSIDER_MALORY,PC-MAL-01,E:\Exfil\Firmware_Source_v4_secret_15.bin,proprietary_code
FIL-101519,2024-03-30 02:30:00,USER_INSIDER_MALORY,PC-MAL-01,E:\Exfil\Firmware_Source_v4_secret_16.bin,proprietary_code
FIL-101520,2024-03-30 02:30:00,USER_INSIDER_MALORY,PC-MAL-01,E:\Exfil\Firmware_Source_v4_secret_17.bin,proprietary_code
FIL-101521,2024-03-30 02:31:00,USER_INSIDER_MALORY,PC-MAL-01,E:\Exfil\Firmware_Source_v4_secret_18.bin,proprietary_code
FIL-101522,2024-03-30 02:31:00,USER_INSIDER_MALORY,PC-MAL-01,E:\Exfil\Firmware_Source_v4_secret_19.bin,proprietary_code
FIL-101523,2024-03-30 02:31:00,USER_INSIDER_MALORY,PC-MAL-01,E:\Exfil\Firmware_Source_v4_secret_20.bin,proprietary_code
FIL-101524,2024-03-30 02:32:00,USER_INSIDER_MALORY,PC-MAL-01,E:\Exfil\Firmware_Source_v4_secret_21.bin,proprietary_code
FIL-101525,2024-03-30 02:32:00,USER_INSIDER_MALORY,PC-MAL-01,E:\Exfil\Firmware_Source_v4_secret_22.bin,proprietary_code
FIL-101526,2024-03-30 02:32:00,USER_INSIDER_MALORY,PC-MAL-01,E:\Exfil\Firmware_Source_v4_secret_23.bin,proprietary_code
FIL-101527,2024-03-30 02:33:00,USER_INSIDER_MALORY,PC-MAL-01,E:\Exfil\Firmware_Source_v4_secret_24.bin,proprietary_code
FIL-101528,2024-03-30 02:33:00,USER_INSIDER_MALORY,PC-MAL-01,E:\Exfil\Firmware_Source_v4_secret_25.bin,proprietary_code
FIL-101529,2024-03-30 02:33:00,USER_INSIDER_MALORY,PC-MAL-01,E:\Exfil\Firmware_Source_v4_secret_26.bin,proprietary_code
FIL-101530,2024-03-30 02:34:00,USER_INSIDER_MALORY,PC-MAL-01,E:\Exfil\Firmware_Source_v4_secret_27.bin,proprietary_code
FIL-101531,2024-03-30 02:34:00,USER_INSIDER_MALORY,PC-MAL-01,E:\Exfil\Firmware_Source_v4_secret_28.bin,proprietary_code
FIL-101532,2024-03-30 02:34:00,USER_INSIDER_MALORY,PC-MAL-01,E:\Exfil\Firmware_Source_v4_secret_29.bin,proprietary_code
FIL-101533,2024-03-30 02:35:00,USER_INSIDER_MALORY,PC-MAL-01,E:\Exfil\Firmware_Source_v4_secret_30.bin,proprietary_code
FIL-101534,2024-03-30 02:35:00,USER_INSIDER_MALORY,PC-MAL-01,E:\Exfil\Firmware_Source_v4_secret_31.bin,proprietary_code
FIL-101535,2024-03-30 02:35:00,USER_INSIDER_MALORY,PC-MAL-01,E:\Exfil\Firmware_Source_v4_secret_32.bin,proprietary_code
FIL-101536,2024-03-30 02:36:00,USER_INSIDER_MALORY,PC-MAL-01,E:\Exfil\Firmware_Source_v4_secret_33.bin,proprietary_code
FIL-101537,2024-03-30 02:36:00,USER_INSIDER_MALORY,PC-MAL-01,E:\Exfil\Firmware_Source_v4_secret_34.bin,proprietary_code
