id,date,user,pc,url
HTTP-100002,2024-03-01 12:46:00,USER_BENIGN_ALICE,PC-ALI-01,http://google.com/page
HTTP-100003,2024-03-01 12:57:00,USER_BENIGN_ALICE,PC-ALI-01,http://internal-portal.corp/page
HTTP-100004,2024-03-01 09:53:00,USER_BENIGN_ALICE,PC-ALI-01,http://stackoverflow.com/page
HTTP-100005,2024-03-01 10:52:00,USER_BENIGN_ALICE,PC-ALI-01,http://docs.python.org/page
HTTP-100006,2024-03-01 13:43:00,USER_BENIGN_ALICE,PC-ALI-01,http://internal-portal.corp/page
HTTP-100007,2024-03-01 11:23:00,USER_BENIGN_ALICE,PC-ALI-01,http://stackoverflow.com/page
HTTP-100008,2024-03-01 09:44:00,USER_BENIGN_ALICE,PC-ALI-01,http://internal-portal.corp/page
HTTP-100009,2024-03-01 13:29:00,USER_BENIGN_ALICE,PC-ALI-01,http://google.com/page
HTTP-100016,2024-03-01 10:16:00,USER_INSIDER_MALORY,PC-MAL-01,http://docs.python.org/page
HTTP-100017,2024-03-01 09:49:00,USER_INSIDER_MALORY,PC-MAL-01,http://wikipedia.org/page
HTTP-100018,2024-03-01 09:27:00,USER_INSIDER_MALORY,PC-MAL-01,http://internal-portal.corp/page
HTTP-100019,2024-03-01 10:45:00,USER_INSIDER_MALORY,PC-MAL-01,http://internal-portal.corp/page
HTTP-100020,2024-03-01 09:15:00,USER_INSIDER_MALORY,PC-MAL-01,http://wikipedia.org/page
HTTP-100021,2024-03-01 14:53:00,USER_INSIDER_MALORY,PC-MAL-01,http://internal-portal.corp/page
HTTP-100030,2024-03-01 09:41:00,USER_INSIDER_BOB,PC-BOB-01,http://stackoverflow.com/page
HTTP-100031,2024-03-01 10:26:00,USER_INSIDER_BOB,PC-BOB-01,http://stackoverflow.com/page
HTTP-100032,2024-03-01 10:49:00,USER_INSIDER_BOB,PC-BOB-01,http://wikipedia.org/page
HTTP-100033,2024-03-01 12:36:00,USER_INSIDER_BOB,PC-BOB-01,http://stackoverflow.com/page
HTTP-100034,2024-03-01 13:19:00,USER_INSIDER_BOB,PC-BOB-01,http://wikipedia.org/page
HTTP-100035,2024-03-01 12:43:00,USER_INSIDER_BOB,PC-BOB-01,http://github.com/page
HTTP-100036,2024-03-01 14:41:00,USER_INSIDER_BOB,PC-BOB-01,http://stackoverflow.com/page
HTTP-100037,2024-03-01 12:28:00,USER_INSIDER_BOB,PC-BOB-01,http://internal-portal.corp/page
HTTP-100038,2024-03-01 12:23:00,USER_INSIDER_BOB,PC-BOB-01,http://google.com/page
HTTP-100044,2024-03-01 12:21:00,USER_PEER_CHARLIE,PC-CHA-01,http://google.com/page
HTTP-100045,2024-03-01 10:57:00,USER_PEER_CHARLIE,PC-CHA-01,http://github.com/page
HTTP-100046,2024-03-01 14:22:00,USER_PEER_CHARLIE,PC-CHA-01,http://google.com/page
HTTP-100047,2024-03-01 13:24:00,USER_PEER_CHARLIE,PC-CHA-01,http://github.com/page
HTTP-100048,2024-03-01 11:58:00,USER_PEER_CHARLIE,PC-CHA-01,http://github.com/page
HTTP-100049,2024-03-01 12:32:00,USER_PEER_CHARLIE,PC-CHA-01,http://internal-portal.corp/page
HTTP-100050,2024-03-01 13:23:00,USER_PEER_CHARLIE,PC-CHA-01,http://wikipedia.org/page
HTTP-100051,2024-03-01 11:43:00,USER_PEER_CHARLIE,PC-CHA-01,http://docs.python.org/page
HTTP-100052,2024-03-01 13:33:00,USER_PEER_CHARLIE,PC-CHA-01,http://internal-portal.corp/page
HTTP-100059,2024-03-01 09:50:00,USER_PEER_DIANA,PC-DIA-01,http://internal-portal.corp/page
HTTP-100060,2024-03-01 12:28:00,USER_PEER_DIANA,PC-DIA-01,http://docs.python.org/page
HTTP-100061,2024-03-01 09:58:00,USER_PEER_DIANA,PC-DIA-01,http://github.com/page
HTTP-100062,2024-03-01 14:57:00,USER_PEER_DIANA,PC-DIA-01,http://github.com/page
HTTP-100063,2024-03-01 09:14:00,USER_PEER_DIANA,PC-DIA-01,http://github.com/page
HTTP-100064,2024-03-01 11:29:00,USER_PEER_DIANA,PC-DIA-01,http://docs.python.org/page
HTTP-100065,2024-03-01 11:34:00,USER_PEER_DIANA,PC-DIA-01,http://github.com/page
HTTP-100072,2024-03-01 10:32:00,USER_PEER_EDWARD,PC-EDW-01,http://docs.python.org/page
HTTP-100073,2024-03-01 12:16:00,USER_PEER_EDWARD,PC-EDW-01,http://google.com/page
HTTP-100074,2024-03-01 15:34:00,USER_PEER_EDWARD,PC-EDW-01,http://google.com/page
HTTP-100075,2024-03-01 12:17:00,USER_PEER_EDWARD,PC-EDW-01,http://github.com/page
HTTP-100076,2024-03-01 11:35:00,USER_PEER_EDWARD,PC-EDW-01,http://internal-portal.corp/page
HTTP-100077,2024-03-01 12:40:00,USER_PEER_EDWARD,PC-EDW-01,http://wikipedia.org/page
HTTP-100078,2024-03-01 15:40:00,USER_PEER_EDWARD,PC-EDW-01,http://docs.python.org/page
HTTP-100079,2024-03-01 10:56:00,USER_PEER_EDWARD,PC-EDW-01,http://internal-portal.corp/page
HTTP-100080,2024-03-01 15:58:00,USER_PEER_EDWARD,PC-EDW-01,http://github.com/page
HTTP-100087,2024-03-04 15:21:00,USER_BENIGN_ALICE,PC-ALI-01,http://docs.python.org/page
HTTP-100088,2024-03-04 13:42:00,USER_BENIGN_ALICE,PC-ALI-01,http://wikipedia.org/page
HTTP-100089,2024-03-04 14:43:00,USER_BENIGN_ALICE,PC-ALI-01,http://google.com/page
HTTP-100090,2024-03-04 15:19:00,USER_BENIGN_ALICE,PC-ALI-01,http://github.com/page
HTTP-100091,2024-03-04 10:51:00,USER_BENIGN_ALICE,PC-ALI-01,http://stackoverflow.com/page
HTTP-100092,2024-03-04 09:15:00,USER_BENIGN_ALICE,PC-ALI-01,http://wikipedia.org/page
HTTP-100093,2024-03-04 09:19:00,USER_BENIGN_ALICE,PC-ALI-01,http://stackoverflow.com/page
HTTP-100094,2024-03-04 13:37:00,USER_BENIGN_ALICE,PC-ALI-01,http://stackoverflow.com/page
HTTP-100095,2024-03-04 15:27:00,USER_BENIGN_ALICE,PC-ALI-01,http://google.com/page
HTTP-100096,2024-03-04 12:10:00,USER_BENIGN_ALICE,PC-ALI-01,http://google.com/page
HTTP-100097,2024-03-04 09:19:00,USER_BENIGN_ALICE,PC-ALI-01,http://internal-portal.corp/page
HTTP-100103,2024-03-04 14:43:00,USER_INSIDER_MALORY,PC-MAL-01,http://wikipedia.org/page
HTTP-100104,2024-03-04 09:53:00,USER_INSIDER_MALORY,PC-MAL-01,http://github.com/page
HTTP-100105,2024-03-04 12:22:00,USER_INSIDER_MALORY,PC-MAL-01,http://google.com/page
HTTP-100106,2024-03-04 10:40:00,USER_INSIDER_MALORY,PC-MAL-01,http://docs.python.org/page
HTTP-100107,2024-03-04 12:42:00,USER_INSIDER_MALORY,PC-MAL-01,http://stackoverflow.com/page
HTTP-100108,2024-03-04 10:58:00,USER_INSIDER_MALORY,PC-MAL-01,http://google.com/page
HTTP-100109,2024-03-04 14:32:00,USER_INSIDER_MALORY,PC-MAL-01,http://stackoverflow.com/page
HTTP-100110,2024-03-04 14:27:00,USER_INSIDER_MALORY,PC-MAL-01,http://internal-portal.corp/page
HTTP-100118,2024-03-04 11:56:00,USER_INSIDER_BOB,PC-BOB-01,http://internal-portal.corp/page
HTTP-100119,2024-03-04 12:10:00,USER_INSIDER_BOB,PC-BOB-01,http://docs.python.org/page
HTTP-100120,2024-03-04 09:38:00,USER_INSIDER_BOB,PC-BOB-01,http://wikipedia.org/page
HTTP-100121,2024-03-04 12:51:00,USER_INSIDER_BOB,PC-BOB-01,http://wikipedia.org/page
HTTP-100122,2024-03-04 11:51:00,USER_INSIDER_BOB,PC-BOB-01,http://stackoverflow.com/page
HTTP-100123,2024-03-04 09:58:00,USER_INSIDER_BOB,PC-BOB-01,http://docs.python.org/page
HTTP-100124,2024-03-04 12:56:00,USER_INSIDER_BOB,PC-BOB-01,http://internal-portal.corp/page
HTTP-100125,2024-03-04 14:32:00,USER_INSIDER_BOB,PC-BOB-01,http://github.com/page
HTTP-100126,2024-03-04 10:42:00,USER_INSIDER_BOB,PC-BOB-01,http://github.com/page
HTTP-100127,2024-03-04 13:25:00,USER_INSIDER_BOB,PC-BOB-01,http://internal-portal.corp/page
HTTP-100128,2024-03-04 15:31:00,USER_INSIDER_BOB,PC-BOB-01,http://internal-portal.corp/page
HTTP-100134,2024-03-04 10:38:00,USER_PEER_CHARLIE,PC-CHA-01,http://google.com/page
HTTP-100135,2024-03-04 15:44:00,USER_PEER_CHARLIE,PC-CHA-01,http://stackoverflow.com/page
HTTP-100136,2024-03-04 12:24:00,USER_PEER_CHARLIE,PC-CHA-01,http://google.com/page
HTTP-100137,2024-03-04 11:57:00,USER_PEER_CHARLIE,PC-CHA-01,http://stackoverflow.com/page
HTTP-100138,2024-03-04 11:35:00,USER_PEER_CHARLIE,PC-CHA-01,http://docs.python.org/page
HTTP-100139,2024-03-04 11:52:00,USER_PEER_CHARLIE,PC-CHA-01,http://stackoverflow.com/page
HTTP-100140,2024-03-04 12:34:00,USER_PEER_CHARLIE,PC-CHA-01,http://internal-portal.corp/page
HTTP-100141,2024-03-04 12:43:00,USER_PEER_CHARLIE,PC-CHA-01,http://google.com/page
HTTP-100150,2024-03-04 13:37:00,USER_PEER_DIANA,PC-DIA-01,http://internal-portal.corp/page
HTTP-100151,2024-03-04 15:39:00,USER_PEER_DIANA,PC-DIA-01,http://wikipedia.org/page
HTTP-100152,2024-03-04 13:56:00,USER_PEER_DIANA,PC-DIA-01,http://wikipedia.org/page
HTTP-100153,2024-03-04 09:47:00,USER_PEER_DIANA,PC-DIA-01,http://wikipedia.org/page
HTTP-100154,2024-03-04 10:56:00,USER_PEER_DIANA,PC-DIA-01,http://docs.python.org/page
HTTP-100155,2024-03-04 10:23:00,USER_PEER_DIANA,PC-DIA-01,http://github.com/page
HTTP-100156,2024-03-04 11:39:00,USER_PEER_DIANA,PC-DIA-01,http://wikipedia.org/page
HTTP-100157,2024-03-04 09:38:00,USER_PEER_DIANA,PC-DIA-01,http://wikipedia.org/page
HTTP-100158,2024-03-04 15:40:00,USER_PEER_DIANA,PC-DIA-01,http://internal-portal.corp/page
HTTP-100166,2024-03-04 13:21:00,USER_PEER_EDWARD,PC-EDW-01,http://github.com/page
HTTP-100167,2024-03-04 14:24:00,USER_PEER_EDWARD,PC-EDW-01,http://internal-portal.corp/page
HTTP-100168,2024-03-04 13:13:00,USER_PEER_EDWARD,PC-EDW-01,http://wikipedia.org/page
HTTP-100169,2024-03-04 09:28:00,USER_PEER_EDWARD,PC-EDW-01,http://stackoverflow.com/page
HTTP-100170,2024-03-04 14:54:00,USER_PEER_EDWARD,PC-EDW-01,http://github.com/page
HTTP-100171,2024-03-04 12:28:00,USER_PEER_EDWARD,PC-EDW-01,http://internal-portal.corp/page
HTTP-100172,2024-03-04 13:18:00,USER_PEER_EDWARD,PC-EDW-01,http://wikipedia.org/page
HTTP-100173,2024-03-04 10:44:00,USER_PEER_EDWARD,PC-EDW-01,http://docs.python.org/page
HTTP-100182,2024-03-05 10:33:00,USER_BENIGN_ALICE,PC-ALI-01,http://wikipedia.org/page
HTTP-100183,2024-03-05 12:30:00,USER_BENIGN_ALICE,PC-ALI-01,http://stackoverflow.com/page
HTTP-100184,2024-03-05 13:45:00,USER_BENIGN_ALICE,PC-ALI-01,http://docs.python.org/page
HTTP-100185,2024-03-05 10:17:00,USER_BENIGN_ALICE,PC-ALI-01,http://internal-portal.corp/page
HTTP-100186,2024-03-05 10:36:00,USER_BENIGN_ALICE,PC-ALI-01,http://google.com/page
HTTP-100187,2024-03-05 13:52:00,USER_BENIGN_ALICE,PC-ALI-01,http://wikipedia.org/page
HTTP-100188,2024-03-05 15:34:00,USER_BENIGN_ALICE,PC-ALI-01,http://internal-portal.corp/page
HTTP-100189,2024-03-05 13:27:00,USER_BENIGN_ALICE,PC-ALI-01,http://google.com/page
HTTP-100190,2024-03-05 15:35:00,USER_BENIGN_ALICE,PC-ALI-01,http://stackoverflow.com/page
HTTP-100191,2024-03-05 12:17:00,USER_BENIGN_ALICE,PC-ALI-01,http://docs.python.org/page
HTTP-100192,2024-03-05 09:35:00,USER_BENIGN_ALICE,PC-ALI-01,http://google.com/page
HTTP-100199,2024-03-05 09:44:00,USER_INSIDER_MALORY,PC-MAL-01,http://docs.python.org/page
HTTP-100200,2024-03-05 11:11:00,USER_INSIDER_MALORY,PC-MAL-01,http://google.com/page
HTTP-100201,2024-03-05 11:43:00,USER_INSIDER_MALORY,PC-MAL-01,http://stackoverflow.com/page
HTTP-100202,2024-03-05 12:19:00,USER_INSIDER_MALORY,PC-MAL-01,http://internal-portal.corp/page
HTTP-100203,2024-03-05 15:52:00,USER_INSIDER_MALORY,PC-MAL-01,http://docs.python.org/page
HTTP-100204,2024-03-05 13:56:00,USER_INSIDER_MALORY,PC-MAL-01,http://github.com/page
HTTP-100205,2024-03-05 11:48:00,USER_INSIDER_MALORY,PC-MAL-01,http://google.com/page
HTTP-100206,2024-03-05 15:26:00,USER_INSIDER_MALORY,PC-MAL-01,http://stackoverflow.com/page
HTTP-100207,2024-03-05 13:53:00,USER_INSIDER_MALORY,PC-MAL-01,http://wikipedia.org/page
HTTP-100208,2024-03-05 11:35:00,USER_INSIDER_MALORY,PC-MAL-01,http://stackoverflow.com/page
HTTP-100209,2024-03-05 13:58:00,USER_INSIDER_MALORY,PC-MAL-01,http://docs.python.org/page
HTTP-100218,2024-03-05 13:27:00,USER_INSIDER_BOB,PC-BOB-01,http://google.com/page
HTTP-100219,2024-03-05 11:50:00,USER_INSIDER_BOB,PC-BOB-01,http://wikipedia.org/page
HTTP-100220,2024-03-05 15:13:00,USER_INSIDER_BOB,PC-BOB-01,http://github.com/page
HTTP-100221,2024-03-05 10:54:00,USER_INSIDER_BOB,PC-BOB-01,http://internal-portal.corp/page
HTTP-100222,2024-03-05 14:54:00,USER_INSIDER_BOB,PC-BOB-01,http://google.com/page
HTTP-100223,2024-03-05 12:58:00,USER_INSIDER_BOB,PC-BOB-01,http://internal-portal.corp/page
HTTP-100224,2024-03-05 14:12:00,USER_INSIDER_BOB,PC-BOB-01,http://docs.python.org/page
HTTP-100225,2024-03-05 12:25:00,USER_INSIDER_BOB,PC-BOB-01,http://github.com/page
HTTP-100226,2024-03-05 13:50:00,USER_INSIDER_BOB,PC-BOB-01,http://docs.python.org/page
HTTP-100227,2024-03-05 10:39:00,USER_INSIDER_BOB,PC-BOB-01,http://docs.python.org/page
HTTP-100236,2024-03-05 11:51:00,USER_PEER_CHARLIE,PC-CHA-01,http://docs.python.org/page
HTTP-100237,2024-03-05 14:50:00,USER_PEER_CHARLIE,PC-CHA-01,http://wikipedia.org/page
HTTP-100238,2024-03-05 11:24:00,USER_PEER_CHARLIE,PC-CHA-01,http://wikipedia.org/page
HTTP-100239,2024-03-05 13:24:00,USER_PEER_CHARLIE,PC-CHA-01,http://google.com/page
HTTP-100240,2024-03-05 11:22:00,USER_PEER_CHARLIE,PC-CHA-01,http://stackoverflow.com/page
HTTP-100241,2024-03-05 10:21:00,USER_PEER_CHARLIE,PC-CHA-01,http://github.com/page
HTTP-100242,2024-03-05 13:50:00,USER_PEER_CHARLIE,PC-CHA-01,http://stackoverflow.com/page
HTTP-100250,2024-03-05 14:45:00,USER_PEER_DIANA,PC-DIA-01,http://google.com/page
HTTP-100251,2024-03-05 12:55:00,USER_PEER_DIANA,PC-DIA-01,http://google.com/page
HTTP-100252,2024-03-05 14:29:00,USER_PEER_DIANA,PC-DIA-01,http://stackoverflow.com/page
HTTP-100253,2024-03-05 13:33:00,USER_PEER_DIANA,PC-DIA-01,http://docs.python.org/page
HTTP-100254,2024-03-05 10:33:00,USER_PEER_DIANA,PC-DIA-01,http://docs.python.org/page
HTTP-100255,2024-03-05 13:43:00,USER_PEER_DIANA,PC-DIA-01,http://github.com/page
HTTP-100256,2024-03-05 13:28:00,USER_PEER_DIANA,PC-DIA-01,http://google.com/page
HTTP-100262,2024-03-05 09:55:00,USER_PEER_EDWARD,PC-EDW-01,http://internal-portal.corp/page
HTTP-100263,2024-03-05 10:50:00,USER_PEER_EDWARD,PC-EDW-01,http://docs.python.org/page
HTTP-100264,2024-03-05 10:24:00,USER_PEER_EDWARD,PC-EDW-01,http://internal-portal.corp/page
HTTP-100265,2024-03-05 13:36:00,USER_PEER_EDWARD,PC-EDW-01,http://google.com/page
HTTP-100266,2024-03-05 09:38:00,USER_PEER_EDWARD,PC-EDW-01,http://google.com/page
HTTP-100267,2024-03-05 15:16:00,USER_PEER_EDWARD,PC-EDW-01,http://github.com/page
HTTP-100268,2024-03-05 14:10:00,USER_PEER_EDWARD,PC-EDW-01,http://stackoverflow.com/page
HTTP-100269,2024-03-05 15:36:00,USER_PEER_EDWARD,PC-EDW-01,http://github.com/page
HTTP-100270,2024-03-05 11:17:00,USER_PEER_EDWARD,PC-EDW-01,http://internal-portal.corp/page
HTTP-100271,2024-03-05 11:20:00,USER_PEER_EDWARD,PC-EDW-01,http://github.com/page
HTTP-100272,2024-03-05 13:34:00,USER_PEER_EDWARD,PC-EDW-01,http://github.com/page
HTTP-100280,2024-03-06 10:52:00,USER_BENIGN_ALICE,PC-ALI-01,http://wikipedia.org/page
HTTP-100281,2024-03-06 13:23:00,USER_BENIGN_ALICE,PC-ALI-01,http://stackoverflow.com/page
HTTP-100282,2024-03-06 12:33:00,USER_BENIGN_ALICE,PC-ALI-01,http://stackoverflow.com/page
HTTP-100283,2024-03-06 14:58:00,USER_BENIGN_ALICE,PC-ALI-01,http://github.com/page
HTTP-100284,2024-03-06 15:28:00,USER_BENIGN_ALICE,PC-ALI-01,http://wikipedia.org/page
HTTP-100285,2024-03-06 09:11:00,USER_BENIGN_ALICE,PC-ALI-01,http://docs.python.org/page
HTTP-100286,2024-03-06 10:39:00,USER_BENIGN_ALICE,PC-ALI-01,http://github.com/page
HTTP-100287,2024-03-06 10:55:00,USER_BENIGN_ALICE,PC-ALI-01,http://internal-portal.corp/page
HTTP-100288,2024-03-06 10:42:00,USER_BENIGN_ALICE,PC-ALI-01,http://stackoverflow.com/page
HTTP-100296,2024-03-06 10:28:00,USER_INSIDER_MALORY,PC-MAL-01,http://internal-portal.corp/page
HTTP-100297,2024-03-06 10:19:00,USER_INSIDER_MALORY,PC-MAL-01,http://github.com/page
HTTP-100298,2024-03-06 10:52:00,USER_INSIDER_MALORY,PC-MAL-01,http://github.com/page
HTTP-100299,2024-03-06 10:52:00,USER_INSIDER_MALORY,PC-MAL-01,http://google.com/page
HTTP-100300,2024-03-06 10:20:00,USER_INSIDER_MALORY,PC-MAL-01,http://github.com/page
HTTP-100301,2024-03-06 14:13:00,USER_INSIDER_MALORY,PC-MAL-01,http://wikipedia.org/page
HTTP-100302,2024-03-06 13:27:00,USER_INSIDER_MALORY,PC-MAL-01,http://stackoverflow.com/page
HTTP-100303,2024-03-06 12:29:00,USER_INSIDER_MALORY,PC-MAL-01,http://internal-portal.corp/page
HTTP-100304,2024-03-06 10:28:00,USER_INSIDER_MALORY,PC-MAL-01,http://stackoverflow.com/page
HTTP-100305,2024-03-06 12:13:00,USER_INSIDER_MALORY,PC-MAL-01,http://docs.python.org/page
HTTP-100306,2024-03-06 15:42:00,USER_INSIDER_MALORY,PC-MAL-01,http://wikipedia.org/page
HTTP-100312,2024-03-06 14:42:00,USER_INSIDER_BOB,PC-BOB-01,http://github.com/page
HTTP-100313,2024-03-06 15:25:00,USER_INSIDER_BOB,PC-BOB-01,http://wikipedia.org/page
HTTP-100314,2024-03-06 10:17:00,USER_INSIDER_BOB,PC-BOB-01,http://stackoverflow.com/page
HTTP-100315,2024-03-06 13:33:00,USER_INSIDER_BOB,PC-BOB-01,http://github.com/page
HTTP-100316,2024-03-06 10:54:00,USER_INSIDER_BOB,PC-BOB-01,http://wikipedia.org/page
HTTP-100317,2024-03-06 15:19:00,USER_INSIDER_BOB,PC-BOB-01,http://github.com/page
HTTP-100318,2024-03-06 14:49:00,USER_INSIDER_BOB,PC-BOB-01,http://wikipedia.org/page
HTTP-100319,2024-03-06 09:21:00,USER_INSIDER_BOB,PC-BOB-01,http://docs.python.org/page
HTTP-100320,2024-03-06 13:54:00,USER_INSIDER_BOB,PC-BOB-01,http://docs.python.org/page
HTTP-100321,2024-03-06 11:43:00,USER_INSIDER_BOB,PC-BOB-01,http://github.com/page
HTTP-100327,2024-03-06 10:36:00,USER_PEER_CHARLIE,PC-CHA-01,http://internal-portal.corp/page
HTTP-100328,2024-03-06 09:14:00,USER_PEER_CHARLIE,PC-CHA-01,http://docs.python.org/page
HTTP-100329,2024-03-06 11:33:00,USER_PEER_CHARLIE,PC-CHA-01,http://stackoverflow.com/page
HTTP-100330,2024-03-06 14:26:00,USER_PEER_CHARLIE,PC-CHA-01,http://wikipedia.org/page
HTTP-100331,2024-03-06 10:18:00,USER_PEER_CHARLIE,PC-CHA-01,http://docs.python.org/page
HTTP-100332,2024-03-06 13:14:00,USER_PEER_CHARLIE,PC-CHA-01,http://wikipedia.org/page
HTTP-100339,2024-03-06 13:50:00,USER_PEER_DIANA,PC-DIA-01,http://wikipedia.org/page
HTTP-100340,2024-03-06 13:51:00,USER_PEER_DIANA,PC-DIA-01,http://wikipedia.org/page
HTTP-100341,2024-03-06 15:31:00,USER_PEER_DIANA,PC-DIA-01,http://wikipedia.org/page
HTTP-100342,2024-03-06 11:28:00,USER_PEER_DIANA,PC-DIA-01,http://wikipedia.org/page
HTTP-100343,2024-03-06 12:13:00,USER_PEER_DIANA,PC-DIA-01,http://wikipedia.org/page
HTTP-100344,2024-03-06 14:27:00,USER_PEER_DIANA,PC-DIA-01,http://wikipedia.org/page
HTTP-100345,2024-03-06 13:56:00,USER_PEER_DIANA,PC-DIA-01,http://docs.python.org/page
HTTP-100346,2024-03-06 11:43:00,USER_PEER_DIANA,PC-DIA-01,http://internal-portal.corp/page
HTTP-100347,2024-03-06 14:11:00,USER_PEER_DIANA,PC-DIA-01,http://internal-portal.corp/page
HTTP-100348,2024-03-06 09:26:00,USER_PEER_DIANA,PC-DIA-01,http://google.com/page
HTTP-100355,2024-03-06 09:33:00,USER_PEER_EDWARD,PC-EDW-01,http://github.com/page
HTTP-100356,2024-03-06 12:10:00,USER_PEER_EDWARD,PC-EDW-01,http://stackoverflow.com/page
HTTP-100357,2024-03-06 14:29:00,USER_PEER_EDWARD,PC-EDW-01,http://docs.python.org/page
HTTP-100358,2024-03-06 11:25:00,USER_PEER_EDWARD,PC-EDW-01,http://internal-portal.corp/page
HTTP-100359,2024-03-06 10:52:00,USER_PEER_EDWARD,PC-EDW-01,http://stackoverflow.com/page
HTTP-100360,2024-03-06 09:28:00,USER_PEER_EDWARD,PC-EDW-01,http://github.com/page
HTTP-100369,2024-03-07 11:26:00,USER_BENIGN_ALICE,PC-ALI-01,http://docs.python.org/page
HTTP-100370,2024-03-07 10:17:00,USER_BENIGN_ALICE,PC-ALI-01,http://wikipedia.org/page
HTTP-100371,2024-03-07 10:57:00,USER_BENIGN_ALICE,PC-ALI-01,http://google.com/page
HTTP-100372,2024-03-07 12:35:00,USER_BENIGN_ALICE,PC-ALI-01,http://docs.python.org/page
HTTP-100373,2024-03-07 14:44:00,USER_BENIGN_ALICE,PC-ALI-01,http://google.com/page
HTTP-100374,2024-03-07 09:53:00,USER_BENIGN_ALICE,PC-ALI-01,http://github.com/page
HTTP-100381,2024-03-07 11:22:00,USER_INSIDER_MALORY,PC-MAL-01,http://wikipedia.org/page
HTTP-100382,2024-03-07 15:48:00,USER_INSIDER_MALORY,PC-MAL-01,http://wikipedia.org/page
HTTP-100383,2024-03-07 11:38:00,USER_INSIDER_MALORY,PC-MAL-01,http://stackoverflow.com/page
HTTP-100384,2024-03-07 11:14:00,USER_INSIDER_MALORY,PC-MAL-01,http://wikipedia.org/page
HTTP-100385,2024-03-07 10:50:00,USER_INSIDER_MALORY,PC-MAL-01,http://wikipedia.org/page
HTTP-100386,2024-03-07 10:29:00,USER_INSIDER_MALORY,PC-MAL-01,http://stackoverflow.com/page
HTTP-100387,2024-03-07 10:56:00,USER_INSIDER_MALORY,PC-MAL-01,http://internal-portal.corp/page
HTTP-100388,2024-03-07 11:37:00,USER_INSIDER_MALORY,PC-MAL-01,http://google.com/page
HTTP-100389,2024-03-07 10:24:00,USER_INSIDER_MALORY,PC-MAL-01,http://wikipedia.org/page
HTTP-100390,2024-03-07 10:23:00,USER_INSIDER_MALORY,PC-MAL-01,http://docs.python.org/page
HTTP-100396,2024-03-07 10:21:00,USER_INSIDER_BOB,PC-BOB-01,http://wikipedia.org/page
HTTP-100397,2024-03-07 12:16:00,USER_INSIDER_BOB,PC-BOB-01,http://github.com/page
HTTP-100398,2024-03-07 12:11:00,USER_INSIDER_BOB,PC-BOB-01,http://stackoverflow.com/page
HTTP-100399,2024-03-07 09:56:00,USER_INSIDER_BOB,PC-BOB-01,http://internal-portal.corp/page
HTTP-100400,2024-03-07 14:15:00,USER_INSIDER_BOB,PC-BOB-01,http://internal-portal.corp/page
HTTP-100401,2024-03-07 10:47:00,USER_INSIDER_BOB,PC-BOB-01,http://internal-portal.corp/page
HTTP-100409,2024-03-07 09:23:00,USER_PEER_CHARLIE,PC-CHA-01,http://docs.python.org/page
HTTP-100410,2024-03-07 10:10:00,USER_PEER_CHARLIE,PC-CHA-01,http://github.com/page
HTTP-100411,2024-03-07 15:28:00,USER_PEER_CHARLIE,PC-CHA-01,http://wikipedia.org/page
HTTP-100412,2024-03-07 14:15:00,USER_PEER_CHARLIE,PC-CHA-01,http://google.com/page
HTTP-100413,2024-03-07 10:46:00,USER_PEER_CHARLIE,PC-CHA-01,http://docs.python.org/page
HTTP-100414,2024-03-07 09:19:00,USER_PEER_CHARLIE,PC-CHA-01,http://wikipedia.org/page
HTTP-100422,2024-03-07 10:11:00,USER_PEER_DIANA,PC-DIA-01,http://internal-portal.corp/page
HTTP-100423,2024-03-07 11:38:00,USER_PEER_DIANA,PC-DIA-01,http://docs.python.org/page
HTTP-100424,2024-03-07 15:13:00,USER_PEER_DIANA,PC-DIA-01,http://stackoverflow.com/page
HTTP-100425,2024-03-07 12:40:00,USER_PEER_DIANA,PC-DIA-01,http://wikipedia.org/page
HTTP-100426,2024-03-07 12:13:00,USER_PEER_DIANA,PC-DIA-01,http://google.com/page
HTTP-100427,2024-03-07 11:47:00,USER_PEER_DIANA,PC-DIA-01,http://internal-portal.corp/page
HTTP-100428,2024-03-07 14:12:00,USER_PEER_DIANA,PC-DIA-01,http://wikipedia.org/page
HTTP-100429,2024-03-07 13:37:00,USER_PEER_DIANA,PC-DIA-01,http://internal-portal.corp/page
HTTP-100430,2024-03-07 13:10:00,USER_PEER_DIANA,PC-DIA-01,http://wikipedia.org/page
HTTP-100431,2024-03-07 14:35:00,USER_PEER_DIANA,PC-DIA-01,http://internal-portal.corp/page
HTTP-100432,2024-03-07 15:19:00,USER_PEER_DIANA,PC-DIA-01,http://google.com/page
HTTP-100441,2024-03-07 15:51:00,USER_PEER_EDWARD,PC-EDW-01,http://wikipedia.org/page
HTTP-100442,2024-03-07 15:30:00,USER_PEER_EDWARD,PC-EDW-01,http://stackoverflow.com/page
HTTP-100443,2024-03-07 13:47:00,USER_PEER_EDWARD,PC-EDW-01,http://docs.python.org/page
HTTP-100444,2024-03-07 12:54:00,USER_PEER_EDWARD,PC-EDW-01,http://github.com/page
HTTP-100445,2024-03-07 13:24:00,USER_PEER_EDWARD,PC-EDW-01,http://docs.python.org/page
HTTP-100446,2024-03-07 14:18:00,USER_PEER_EDWARD,PC-EDW-01,http://wikipedia.org/page
HTTP-100452,2024-03-08 15:17:00,USER_BENIGN_ALICE,PC-ALI-01,http://github.com/page
HTTP-100453,2024-03-08 11:33:00,USER_BENIGN_ALICE,PC-ALI-01,http://github.com/page
HTTP-100454,2024-03-08 12:32:00,USER_BENIGN_ALICE,PC-ALI-01,http://internal-portal.corp/page
HTTP-100455,2024-03-08 12:17:00,USER_BENIGN_ALICE,PC-ALI-01,http://google.com/page
HTTP-100456,2024-03-08 09:41:00,USER_BENIGN_ALICE,PC-ALI-01,http://internal-portal.corp/page
HTTP-100457,2024-03-08 11:21:00,USER_BENIGN_ALICE,PC-ALI-01,http://google.com/page
HTTP-100458,2024-03-08 14:14:00,USER_BENIGN_ALICE,PC-ALI-01,http://google.com/page
HTTP-100459,2024-03-08 13:58:00,USER_BENIGN_ALICE,PC-ALI-01,http://docs.python.org/page
HTTP-100460,2024-03-08 10:21:00,USER_BENIGN_ALICE,PC-ALI-01,http://github.com/page
HTTP-100461,2024-03-08 11:12:00,USER_BENIGN_ALICE,PC-ALI-01,http://google.com/page
HTTP-100462,2024-03-08 14:21:00,USER_BENIGN_ALICE,PC-ALI-01,http://google.com/page
HTTP-100470,2024-03-08 13:44:00,USER_INSIDER_MALORY,PC-MAL-01,http://google.com/page
HTTP-100471,2024-03-08 09:48:00,USER_INSIDER_MALORY,PC-MAL-01,http://docs.python.org/page
HTTP-100472,2024-03-08 11:33:00,USER_INSIDER_MALORY,PC-MAL-01,http://stackoverflow.com/page
HTTP-100473,2024-03-08 11:57:00,USER_INSIDER_MALORY,PC-MAL-01,http://github.com/page
HTTP-100474,2024-03-08 11:55:00,USER_INSIDER_MALORY,PC-MAL-01,http://google.com/page
HTTP-100475,2024-03-08 11:46:00,USER_INSIDER_MALORY,PC-MAL-01,http://google.com/page
HTTP-100481,2024-03-08 09:31:00,USER_INSIDER_BOB,PC-BOB-01,http://stackoverflow.com/page
HTTP-100482,2024-03-08 09:55:00,USER_INSIDER_BOB,PC-BOB-01,http://internal-portal.corp/page
HTTP-100483,2024-03-08 12:53:00,USER_INSIDER_BOB,PC-BOB-01,http://docs.python.org/page
HTTP-100484,2024-03-08 13:56:00,USER_INSIDER_BOB,PC-BOB-01,http://wikipedia.org/page
HTTP-100485,2024-03-08 09:48:00,USER_INSIDER_BOB,PC-BOB-01,http://stackoverflow.com/page
HTTP-100486,2024-03-08 13:38:00,USER_INSIDER_BOB,PC-BOB-01,http://internal-portal.corp/page
HTTP-100494,2024-03-08 10:47:00,USER_PEER_CHARLIE,PC-CHA-01,http://google.com/page
HTTP-100495,2024-03-08 11:30:00,USER_PEER_CHARLIE,PC-CHA-01,http://wikipedia.org/page
HTTP-100496,2024-03-08 09:12:00,USER_PEER_CHARLIE,PC-CHA-01,http://google.com/page
HTTP-100497,2024-03-08 09:53:00,USER_PEER_CHARLIE,PC-CHA-01,http://stackoverflow.com/page
HTTP-100498,2024-03-08 09:15:00,USER_PEER_CHARLIE,PC-CHA-01,http://github.com/page
HTTP-100499,2024-03-08 12:21:00,USER_PEER_CHARLIE,PC-CHA-01,http://wikipedia.org/page
HTTP-100507,2024-03-08 10:16:00,USER_PEER_DIANA,PC-DIA-01,http://google.com/page
HTTP-100508,2024-03-08 11:23:00,USER_PEER_DIANA,PC-DIA-01,http://docs.python.org/page
HTTP-100509,2024-03-08 13:11:00,USER_PEER_DIANA,PC-DIA-01,http://google.com/page
HTTP-100510,2024-03-08 14:42:00,USER_PEER_DIANA,PC-DIA-01,http://stackoverflow.com/page
HTTP-100511,2024-03-08 11:30:00,USER_PEER_DIANA,PC-DIA-01,http://docs.python.org/page
HTTP-100512,2024-03-08 09:25:00,USER_PEER_DIANA,PC-DIA-01,http://internal-portal.corp/page
HTTP-100518,2024-03-08 13:56:00,USER_PEER_EDWARD,PC-EDW-01,http://internal-portal.corp/page
HTTP-100519,2024-03-08 09:14:00,USER_PEER_EDWARD,PC-EDW-01,http://wikipedia.org/page
HTTP-100520,2024-03-08 10:32:00,USER_PEER_EDWARD,PC-EDW-01,http://stackoverflow.com/page
HTTP-100521,2024-03-08 12:14:00,USER_PEER_EDWARD,PC-EDW-01,http://docs.python.org/page
HTTP-100522,2024-03-08 11:12:00,USER_PEER_EDWARD,PC-EDW-01,http://google.com/page
HTTP-100523,2024-03-08 11:23:00,USER_PEER_EDWARD,PC-EDW-01,http://stackoverflow.com/page
HTTP-100524,2024-03-08 14:34:00,USER_PEER_EDWARD,PC-EDW-01,http://stackoverflow.com/page
HTTP-100532,2024-03-11 09:16:00,USER_BENIGN_ALICE,PC-ALI-01,http://google.com/page
HTTP-100533,2024-03-11 11:30:00,USER_BENIGN_ALICE,PC-ALI-01,http://github.com/page
HTTP-100534,2024-03-11 12:43:00,USER_BENIGN_ALICE,PC-ALI-01,http://internal-portal.corp/page
HTTP-100535,2024-03-11 12:49:00,USER_BENIGN_ALICE,PC-ALI-01,http://github.com/page
HTTP-100536,2024-03-11 13:34:00,USER_BENIGN_ALICE,PC-ALI-01,http://internal-portal.corp/page
HTTP-100537,2024-03-11 15:55:00,USER_BENIGN_ALICE,PC-ALI-01,http://google.com/page
HTTP-100544,2024-03-11 12:35:00,USER_INSIDER_MALORY,PC-MAL-01,http://wikipedia.org/page
HTTP-100545,2024-03-11 09:31:00,USER_INSIDER_MALORY,PC-MAL-01,http://google.com/page
HTTP-100546,2024-03-11 14:48:00,USER_INSIDER_MALORY,PC-MAL-01,http://stackoverflow.com/page
HTTP-100547,2024-03-11 15:43:00,USER_INSIDER_MALORY,PC-MAL-01,http://github.com/page
HTTP-100548,2024-03-11 13:41:00,USER_INSIDER_MALORY,PC-MAL-01,http://wikipedia.org/page
HTTP-100549,2024-03-11 10:14:00,USER_INSIDER_MALORY,PC-MAL-01,http://internal-portal.corp/page
HTTP-100550,2024-03-11 14:18:00,USER_INSIDER_MALORY,PC-MAL-01,http://internal-portal.corp/page
HTTP-100556,2024-03-11 11:49:00,USER_INSIDER_BOB,PC-BOB-01,http://github.com/page
HTTP-100557,2024-03-11 12:39:00,USER_INSIDER_BOB,PC-BOB-01,http://wikipedia.org/page
HTTP-100558,2024-03-11 09:36:00,USER_INSIDER_BOB,PC-BOB-01,http://docs.python.org/page
HTTP-100559,2024-03-11 10:46:00,USER_INSIDER_BOB,PC-BOB-01,http://docs.python.org/page
HTTP-100560,2024-03-11 15:57:00,USER_INSIDER_BOB,PC-BOB-01,http://github.com/page
HTTP-100561,2024-03-11 14:42:00,USER_INSIDER_BOB,PC-BOB-01,http://wikipedia.org/page
HTTP-100562,2024-03-11 09:36:00,USER_INSIDER_BOB,PC-BOB-01,http://docs.python.org/page
HTTP-100563,2024-03-11 13:58:00,USER_INSIDER_BOB,PC-BOB-01,http://wikipedia.org/page
HTTP-100570,2024-03-11 14:42:00,USER_PEER_CHARLIE,PC-CHA-01,http://wikipedia.org/page
HTTP-100571,2024-03-11 11:10:00,USER_PEER_CHARLIE,PC-CHA-01,http://stackoverflow.com/page
HTTP-100572,2024-03-11 13:49:00,USER_PEER_CHARLIE,PC-CHA-01,http://github.com/page
HTTP-100573,2024-03-11 14:34:00,USER_PEER_CHARLIE,PC-CHA-01,http://stackoverflow.com/page
HTTP-100574,2024-03-11 14:42:00,USER_PEER_CHARLIE,PC-CHA-01,http://internal-portal.corp/page
HTTP-100575,2024-03-11 10:58:00,USER_PEER_CHARLIE,PC-CHA-01,http://wikipedia.org/page
HTTP-100584,2024-03-11 13:55:00,USER_PEER_DIANA,PC-DIA-01,http://wikipedia.org/page
HTTP-100585,2024-03-11 15:36:00,USER_PEER_DIANA,PC-DIA-01,http://stackoverflow.com/page
HTTP-100586,2024-03-11 11:57:00,USER_PEER_DIANA,PC-DIA-01,http://google.com/page
HTTP-100587,2024-03-11 14:16:00,USER_PEER_DIANA,PC-DIA-01,http://wikipedia.org/page
HTTP-100588,2024-03-11 13:18:00,USER_PEER_DIANA,PC-DIA-01,http://wikipedia.org/page
HTTP-100589,2024-03-11 14:22:00,USER_PEER_DIANA,PC-DIA-01,http://internal-portal.corp/page
HTTP-100590,2024-03-11 13:37:00,USER_PEER_DIANA,PC-DIA-01,http://github.com/page
HTTP-100599,2024-03-11 14:47:00,USER_PEER_EDWARD,PC-EDW-01,http://google.com/page
HTTP-100600,2024-03-11 12:21:00,USER_PEER_EDWARD,PC-EDW-01,http://stackoverflow.com/page
HTTP-100601,2024-03-11 09:28:00,USER_PEER_EDWARD,PC-EDW-01,http://docs.python.org/page
HTTP-100602,2024-03-11 10:56:00,USER_PEER_EDWARD,PC-EDW-01,http://google.com/page
HTTP-100603,2024-03-11 13:48:00,USER_PEER_EDWARD,PC-EDW-01,http://stackoverflow.com/page
HTTP-100604,2024-03-11 15:26:00,USER_PEER_EDWARD,PC-EDW-01,http://stackoverflow.com/page
HTTP-100605,2024-03-11 09:22:00,USER_PEER_EDWARD,PC-EDW-01,http://docs.python.org/page
HTTP-100614,2024-03-12 15:29:00,USER_BENIGN_ALICE,PC-ALI-01,http://stackoverflow.com/page
HTTP-100615,2024-03-12 11:56:00,USER_BENIGN_ALICE,PC-ALI-01,http://wikipedia.org/page
HTTP-100616,2024-03-12 12:24:00,USER_BENIGN_ALICE,PC-ALI-01,http://wikipedia.org/page
HTTP-100617,2024-03-12 15:31:00,USER_BENIGN_ALICE,PC-ALI-01,http://google.com/page
HTTP-100618,2024-03-12 14:28:00,USER_BENIGN_ALICE,PC-ALI-01,http://google.com/page
HTTP-100619,2024-03-12 15:21:00,USER_BENIGN_ALICE,PC-ALI-01,http://internal-portal.corp/page
HTTP-100620,2024-03-12 10:36:00,USER_BENIGN_ALICE,PC-ALI-01,http://google.com/page
HTTP-100621,2024-03-12 11:50:00,USER_BENIGN_ALICE,PC-ALI-01,http://internal-portal.corp/page
HTTP-100630,2024-03-12 11:22:00,USER_INSIDER_MALORY,PC-MAL-01,http://stackoverflow.com/page
HTTP-100631,2024-03-12 11:10:00,USER_INSIDER_MALORY,PC-MAL-01,http://stackoverflow.com/page
HTTP-100632,2024-03-12 15:21:00,USER_INSIDER_MALORY,PC-MAL-01,http://github.com/page
HTTP-100633,2024-03-12 13:56:00,USER_INSIDER_MALORY,PC-MAL-01,http://google.com/page
HTTP-100634,2024-03-12 10:15:00,USER_INSIDER_MALORY,PC-MAL-01,http://google.com/page
HTTP-100635,2024-03-12 10:11:00,USER_INSIDER_MALORY,PC-MAL-01,http://github.com/page
HTTP-100636,2024-03-12 13:37:00,USER_INSIDER_MALORY,PC-MAL-01,http://docs.python.org/page
HTTP-100644,2024-03-12 14:42:00,USER_INSIDER_BOB,PC-BOB-01,http://stackoverflow.com/page
HTTP-100645,2024-03-12 10:19:00,USER_INSIDER_BOB,PC-BOB-01,http://docs.python.org/page
HTTP-100646,2024-03-12 10:57:00,USER_INSIDER_BOB,PC-BOB-01,http://stackoverflow.com/page
HTTP-100647,2024-03-12 13:16:00,USER_INSIDER_BOB,PC-BOB-01,http://wikipedia.org/page
HTTP-100648,2024-03-12 15:45:00,USER_INSIDER_BOB,PC-BOB-01,http://google.com/page
HTTP-100649,2024-03-12 09:37:00,USER_INSIDER_BOB,PC-BOB-01,http://stackoverflow.com/page
HTTP-100650,2024-03-12 10:17:00,USER_INSIDER_BOB,PC-BOB-01,http://internal-portal.corp/page
HTTP-100651,2024-03-12 11:20:00,USER_INSIDER_BOB,PC-BOB-01,http://docs.python.org/page
HTTP-100660,2024-03-12 10:49:00,USER_PEER_CHARLIE,PC-CHA-01,http://google.com/page
HTTP-100661,2024-03-12 13:27:00,USER_PEER_CHARLIE,PC-CHA-01,http://wikipedia.org/page
HTTP-100662,2024-03-12 09:15:00,USER_PEER_CHARLIE,PC-CHA-01,http://wikipedia.org/page
HTTP-100663,2024-03-12 14:48:00,USER_PEER_CHARLIE,PC-CHA-01,http://github.com/page
HTTP-100664,2024-03-12 13:18:00,USER_PEER_CHARLIE,PC-CHA-01,http://internal-portal.corp/page
HTTP-100665,2024-03-12 12:28:00,USER_PEER_CHARLIE,PC-CHA-01,http://docs.python.org/page
HTTP-100666,2024-03-12 11:29:00,USER_PEER_CHARLIE,PC-CHA-01,http://google.com/page
HTTP-100667,2024-03-12 13:31:00,USER_PEER_CHARLIE,PC-CHA-01,http://stackoverflow.com/page
HTTP-100668,2024-03-12 14:36:00,USER_PEER_CHARLIE,PC-CHA-01,http://wikipedia.org/page
HTTP-100669,2024-03-12 13:27:00,USER_PEER_CHARLIE,PC-CHA-01,http://stackoverflow.com/page
HTTP-100676,2024-03-12 15:31:00,USER_PEER_DIANA,PC-DIA-01,http://internal-portal.corp/page
HTTP-100677,2024-03-12 11:30:00,USER_PEER_DIANA,PC-DIA-01,http://internal-portal.corp/page
HTTP-100678,2024-03-12 13:24:00,USER_PEER_DIANA,PC-DIA-01,http://wikipedia.org/page
HTTP-100679,2024-03-12 09:48:00,USER_PEER_DIANA,PC-DIA-01,http://wikipedia.org/page
HTTP-100680,2024-03-12 10:13:00,USER_PEER_DIANA,PC-DIA-01,http://google.com/page
HTTP-100681,2024-03-12 12:31:00,USER_PEER_DIANA,PC-DIA-01,http://github.com/page
HTTP-100682,2024-03-12 09:47:00,USER_PEER_DIANA,PC-DIA-01,http://docs.python.org/page
HTTP-100691,2024-03-12 10:19:00,USER_PEER_EDWARD,PC-EDW-01,http://docs.python.org/page
HTTP-100692,2024-03-12 13:38:00,USER_PEER_EDWARD,PC-EDW-01,http://docs.python.org/page
HTTP-100693,2024-03-12 09:26:00,USER_PEER_EDWARD,PC-EDW-01,http://github.com/page
HTTP-100694,2024-03-12 14:27:00,USER_PEER_EDWARD,PC-EDW-01,http://google.com/page
HTTP-100695,2024-03-12 09:38:00,USER_PEER_EDWARD,PC-EDW-01,http://google.com/page
HTTP-100696,2024-03-12 13:45:00,USER_PEER_EDWARD,PC-EDW-01,http://github.com/page
HTTP-100697,2024-03-12 13:24:00,USER_PEER_EDWARD,PC-EDW-01,http://wikipedia.org/page
HTTP-100698,2024-03-12 09:35:00,USER_PEER_EDWARD,PC-EDW-01,http://internal-portal.corp/page
HTTP-100699,2024-03-12 11:19:00,USER_PEER_EDWARD,PC-EDW-01,http://wikipedia.org/page
HTTP-100700,2024-03-12 09:23:00,USER_PEER_EDWARD,PC-EDW-01,http://internal-portal.corp/page
HTTP-100709,2024-03-13 11:19:00,USER_BENIGN_ALICE,PC-ALI-01,http://wikipedia.org/page
HTTP-100710,2024-03-13 09:52:00,USER_BENIGN_ALICE,PC-ALI-01,http://google.com/page
HTTP-100711,2024-03-13 12:33:00,USER_BENIGN_ALICE,PC-ALI-01,http://github.com/page
HTTP-100712,2024-03-13 12:24:00,USER_BENIGN_ALICE,PC-ALI-01,http://internal-portal.corp/page
HTTP-100713,2024-03-13 11:24:00,USER_BENIGN_ALICE,PC-ALI-01,http://stackoverflow.com/page
HTTP-100714,2024-03-13 15:21:00,USER_BENIGN_ALICE,PC-ALI-01,http://internal-portal.corp/page
HTTP-100720,2024-03-13 09:31:00,USER_INSIDER_MALORY,PC-MAL-01,http://google.com/page
HTTP-100721,2024-03-13 15:33:00,USER_INSIDER_MALORY,PC-MAL-01,http://internal-portal.corp/page
HTTP-100722,2024-03-13 12:36:00,USER_INSIDER_MALORY,PC-MAL-01,http://stackoverflow.com/page
HTTP-100723,2024-03-13 11:24:00,USER_INSIDER_MALORY,PC-MAL-01,http://docs.python.org/page
HTTP-100724,2024-03-13 10:51:00,USER_INSIDER_MALORY,PC-MAL-01,http://internal-portal.corp/page
HTTP-100725,2024-03-13 12:58:00,USER_INSIDER_MALORY,PC-MAL-01,http://internal-portal.corp/page
HTTP-100726,2024-03-13 13:11:00,USER_INSIDER_MALORY,PC-MAL-01,http://internal-portal.corp/page
HTTP-100727,2024-03-13 12:54:00,USER_INSIDER_MALORY,PC-MAL-01,http://stackoverflow.com/page
HTTP-100728,2024-03-13 10:39:00,USER_INSIDER_MALORY,PC-MAL-01,http://google.com/page
HTTP-100737,2024-03-13 09:32:00,USER_INSIDER_BOB,PC-BOB-01,http://google.com/page
HTTP-100738,2024-03-13 12:52:00,USER_INSIDER_BOB,PC-BOB-01,http://wikipedia.org/page
HTTP-100739,2024-03-13 09:12:00,USER_INSIDER_BOB,PC-BOB-01,http://wikipedia.org/page
HTTP-100740,2024-03-13 14:46:00,USER_INSIDER_BOB,PC-BOB-01,http://stackoverflow.com/page
HTTP-100741,2024-03-13 13:39:00,USER_INSIDER_BOB,PC-BOB-01,http://internal-portal.corp/page
HTTP-100742,2024-03-13 15:18:00,USER_INSIDER_BOB,PC-BOB-01,http://wikipedia.org/page
HTTP-100743,2024-03-13 09:11:00,USER_INSIDER_BOB,PC-BOB-01,http://wikipedia.org/page
HTTP-100744,2024-03-13 15:36:00,USER_INSIDER_BOB,PC-BOB-01,http://docs.python.org/page
HTTP-100745,2024-03-13 11:14:00,USER_INSIDER_BOB,PC-BOB-01,http://stackoverflow.com/page
HTTP-100751,2024-03-13 13:57:00,USER_PEER_CHARLIE,PC-CHA-01,http://google.com/page
HTTP-100752,2024-03-13 14:19:00,USER_PEER_CHARLIE,PC-CHA-01,http://wikipedia.org/page
HTTP-100753,2024-03-13 11:52:00,USER_PEER_CHARLIE,PC-CHA-01,http://github.com/page
HTTP-100754,2024-03-13 15:14:00,USER_PEER_CHARLIE,PC-CHA-01,http://github.com/page
HTTP-100755,2024-03-13 11:31:00,USER_PEER_CHARLIE,PC-CHA-01,http://stackoverflow.com/page
HTTP-100756,2024-03-13 15:40:00,USER_PEER_CHARLIE,PC-CHA-01,http://internal-portal.corp/page
HTTP-100757,2024-03-13 11:42:00,USER_PEER_CHARLIE,PC-CHA-01,http://docs.python.org/page
HTTP-100758,2024-03-13 10:17:00,USER_PEER_CHARLIE,PC-CHA-01,http://google.com/page
HTTP-100759,2024-03-13 15:24:00,USER_PEER_CHARLIE,PC-CHA-01,http://google.com/page
HTTP-100760,2024-03-13 11:51:00,USER_PEER_CHARLIE,PC-CHA-01,http://internal-portal.corp/page
HTTP-100767,2024-03-13 09:47:00,USER_PEER_DIANA,PC-DIA-01,http://wikipedia.org/page
HTTP-100768,2024-03-13 15:52:00,USER_PEER_DIANA,PC-DIA-01,http://internal-portal.corp/page
HTTP-100769,2024-03-13 15:12:00,USER_PEER_DIANA,PC-DIA-01,http://wikipedia.org/page
HTTP-100770,2024-03-13 14:23:00,USER_PEER_DIANA,PC-DIA-01,http://google.com/page
HTTP-100771,2024-03-13 11:11:00,USER_PEER_DIANA,PC-DIA-01,http://wikipedia.org/page
HTTP-100772,2024-03-13 13:12:00,USER_PEER_DIANA,PC-DIA-01,http://internal-portal.corp/page
HTTP-100778,2024-03-13 15:58:00,USER_PEER_EDWARD,PC-EDW-01,http://internal-portal.corp/page
HTTP-100779,2024-03-13 15:22:00,USER_PEER_EDWARD,PC-EDW-01,http://internal-portal.corp/page
HTTP-100780,2024-03-13 14:43:00,USER_PEER_EDWARD,PC-EDW-01,http://docs.python.org/page
HTTP-100781,2024-03-13 14:53:00,USER_PEER_EDWARD,PC-EDW-01,http://google.com/page
HTTP-100782,2024-03-13 09:53:00,USER_PEER_EDWARD,PC-EDW-01,http://google.com/page
HTTP-100783,2024-03-13 12:42:00,USER_PEER_EDWARD,PC-EDW-01,http://wikipedia.org/page
HTTP-100784,2024-03-13 09:37:00,USER_PEER_EDWARD,PC-EDW-01,http://stackoverflow.com/page
HTTP-100791,2024-03-14 15:31:00,USER_BENIGN_ALICE,PC-ALI-01,http://internal-portal.corp/page
HTTP-100792,2024-03-14 09:36:00,USER_BENIGN_ALICE,PC-ALI-01,http://google.com/page
HTTP-100793,2024-03-14 12:39:00,USER_BENIGN_ALICE,PC-ALI-01,http://github.com/page
HTTP-100794,2024-03-14 09:40:00,USER_BENIGN_ALICE,PC-ALI-01,http://wikipedia.org/page
HTTP-100795,2024-03-14 11:17:00,USER_BENIGN_ALICE,PC-ALI-01,http://stackoverflow.com/page
HTTP-100796,2024-03-14 10:51:00,USER_BENIGN_ALICE,PC-ALI-01,http://docs.python.org/page
HTTP-100797,2024-03-14 14:37:00,USER_BENIGN_ALICE,PC-ALI-01,http://stackoverflow.com/page
HTTP-100798,2024-03-14 14:13:00,USER_BENIGN_ALICE,PC-ALI-01,http://wikipedia.org/page
HTTP-100799,2024-03-14 13:51:00,USER_BENIGN_ALICE,PC-ALI-01,http://internal-portal.corp/page
HTTP-100800,2024-03-14 10:22:00,USER_BENIGN_ALICE,PC-ALI-01,http://wikipedia.org/page
HTTP-100806,2024-03-14 13:32:00,USER_INSIDER_MALORY,PC-MAL-01,http://github.com/page
HTTP-100807,2024-03-14 15:44:00,USER_INSIDER_MALORY,PC-MAL-01,http://google.com/page
HTTP-100808,2024-03-14 12:38:00,USER_INSIDER_MALORY,PC-MAL-01,http://internal-portal.corp/page
HTTP-100809,2024-03-14 13:10:00,USER_INSIDER_MALORY,PC-MAL-01,http://stackoverflow.com/page
HTTP-100810,2024-03-14 14:37:00,USER_INSIDER_MALORY,PC-MAL-01,http://stackoverflow.com/page
HTTP-100811,2024-03-14 10:54:00,USER_INSIDER_MALORY,PC-MAL-01,http://docs.python.org/page
HTTP-100812,2024-03-14 12:46:00,USER_INSIDER_MALORY,PC-MAL-01,http://docs.python.org/page
HTTP-100813,2024-03-14 12:49:00,USER_INSIDER_MALORY,PC-MAL-01,http://google.com/page
HTTP-100814,2024-03-14 12:49:00,USER_INSIDER_MALORY,PC-MAL-01,http://wikipedia.org/page
HTTP-100815,2024-03-14 14:21:00,USER_INSIDER_MALORY,PC-MAL-01,http://internal-portal.corp/page
HTTP-100822,2024-03-14 12:57:00,USER_INSIDER_BOB,PC-BOB-01,http://google.com/page
HTTP-100823,2024-03-14 13:14:00,USER_INSIDER_BOB,PC-BOB-01,http://wikipedia.org/page
HTTP-100824,2024-03-14 09:13:00,USER_INSIDER_BOB,PC-BOB-01,http://docs.python.org/page
HTTP-100825,2024-03-14 11:42:00,USER_INSIDER_BOB,PC-BOB-01,http://google.com/page
HTTP-100826,2024-03-14 14:41:00,USER_INSIDER_BOB,PC-BOB-01,http://google.com/page
HTTP-100827,2024-03-14 11:54:00,USER_INSIDER_BOB,PC-BOB-01,http://google.com/page
HTTP-100828,2024-03-14 14:11:00,USER_INSIDER_BOB,PC-BOB-01,http://google.com/page
HTTP-100829,2024-03-14 11:43:00,USER_INSIDER_BOB,PC-BOB-01,http://github.com/page
HTTP-100830,2024-03-14 11:32:00,USER_INSIDER_BOB,PC-BOB-01,http://docs.python.org/page
HTTP-100831,2024-03-14 09:20:00,USER_INSIDER_BOB,PC-BOB-01,http://github.com/page
HTTP-100832,2024-03-14 09:53:00,USER_INSIDER_BOB,PC-BOB-01,http://github.com/page
HTTP-100840,2024-03-14 13:26:00,USER_PEER_CHARLIE,PC-CHA-01,http://docs.python.org/page
HTTP-100841,2024-03-14 15:14:00,USER_PEER_CHARLIE,PC-CHA-01,http://docs.python.org/page
HTTP-100842,2024-03-14 13:36:00,USER_PEER_CHARLIE,PC-CHA-01,http://internal-portal.corp/page
HTTP-100843,2024-03-14 11:36:00,USER_PEER_CHARLIE,PC-CHA-01,http://internal-portal.corp/page
HTTP-100844,2024-03-14 14:48:00,USER_PEER_CHARLIE,PC-CHA-01,http://github.com/page
HTTP-100845,2024-03-14 09:27:00,USER_PEER_CHARLIE,PC-CHA-01,http://docs.python.org/page
HTTP-100852,2024-03-14 14:53:00,USER_PEER_DIANA,PC-DIA-01,http://google.com/page
HTTP-100853,2024-03-14 13:30:00,USER_PEER_DIANA,PC-DIA-01,http://wikipedia.org/page
HTTP-100854,2024-03-14 10:51:00,USER_PEER_DIANA,PC-DIA-01,http://docs.python.org/page
HTTP-100855,2024-03-14 10:37:00,USER_PEER_DIANA,PC-DIA-01,http://internal-portal.corp/page
HTTP-100856,2024-03-14 10:39:00,USER_PEER_DIANA,PC-DIA-01,http://github.com/page
HTTP-100857,2024-03-14 12:54:00,USER_PEER_DIANA,PC-DIA-01,http://wikipedia.org/page
HTTP-100858,2024-03-14 14:21:00,USER_PEER_DIANA,PC-DIA-01,http://docs.python.org/page
HTTP-100859,2024-03-14 09:17:00,USER_PEER_DIANA,PC-DIA-01,http://docs.python.org/page
HTTP-100868,2024-03-14 11:13:00,USER_PEER_EDWARD,PC-EDW-01,http://internal-portal.corp/page
HTTP-100869,2024-03-14 09:33:00,USER_PEER_EDWARD,PC-EDW-01,http://internal-portal.corp/page
HTTP-100870,2024-03-14 09:18:00,USER_PEER_EDWARD,PC-EDW-01,http://internal-portal.corp/page
HTTP-100871,2024-03-14 15:30:00,USER_PEER_EDWARD,PC-EDW-01,http://wikipedia.org/page
HTTP-100872,2024-03-14 10:32:00,USER_PEER_EDWARD,PC-EDW-01,http://internal-portal.corp/page
HTTP-100873,2024-03-14 12:19:00,USER_PEER_EDWARD,PC-EDW-01,http://stackoverflow.com/page
HTTP-100874,2024-03-14 12:58:00,USER_PEER_EDWARD,PC-EDW-01,http://google.com/page
HTTP-100875,2024-03-14 09:34:00,USER_PEER_EDWARD,PC-EDW-01,http://internal-portal.corp/page
HTTP-100876,2024-03-14 11:56:00,USER_PEER_EDWARD,PC-EDW-01,http://internal-portal.corp/page
HTTP-100884,2024-03-15 19:10:00,USER_INSIDER_MALORY,PC-MAL-01,https://mega.nz/inspect
HTTP-100885,2024-03-15 19:10:00,USER_INSIDER_MALORY,PC-MAL-01,https://dropbox.com/inspect
HTTP-100886,2024-03-15 19:10:00,USER_INSIDER_MALORY,PC-MAL-01,https://pastebin.com/inspect
HTTP-100897,2024-03-16 19:10:00,USER_INSIDER_MALORY,PC-MAL-01,https://mega.nz/inspect
HTTP-100898,2024-03-16 19:10:00,USER_INSIDER_MALORY,PC-MAL-01,https://dropbox.com/inspect
HTTP-100899,2024-03-16 19:10:00,USER_INSIDER_MALORY,PC-MAL-01,https://pastebin.com/inspect
HTTP-100902,2024-03-17 19:10:00,USER_INSIDER_MALORY,PC-MAL-01,https://mega.nz/inspect
HTTP-100903,2024-03-17 19:10:00,USER_INSIDER_MALORY,PC-MAL-01,https://dropbox.com/inspect
HTTP-100904,2024-03-17 19:10:00,USER_INSIDER_MALORY,PC-MAL-01,https://pastebin.com/inspect
HTTP-100909,2024-03-18 19:10:00,USER_INSIDER_MALORY,PC-MAL-01,https://mega.nz/inspect
HTTP-100910,2024-03-18 19:10:00,USER_INSIDER_MALORY,PC-MAL-01,https://dropbox.com/inspect
HTTP-100911,2024-03-18 19:10:00,USER_INSIDER_MALORY,PC-MAL-01,https://pastebin.com/inspect
HTTP-100995,2024-03-20 03:49:00,USER_BENIGN_ALICE,PC-ALI-01,https://aws-s3-backup-storage.internal/upload
HTTP-100996,2024-03-20 03:16:00,USER_BENIGN_ALICE,PC-ALI-01,https://aws-s3-backup-storage.internal/upload
HTTP-100997,2024-03-20 03:40:00,USER_BENIGN_ALICE,PC-ALI-01,https://aws-s3-backup-storage.internal/upload
HTTP-100998,2024-03-20 03:30:00,USER_BENIGN_ALICE,PC-ALI-01,https://aws-s3-backup-storage.internal/upload
HTTP-100999,2024-03-20 03:18:00,USER_BENIGN_ALICE,PC-ALI-01,https://aws-s3-backup-storage.internal/upload
HTTP-101000,2024-03-20 03:46:00,USER_BENIGN_ALICE,PC-ALI-01,https://aws-s3-backup-storage.internal/upload
HTTP-101001,2024-03-20 03:53:00,USER_BENIGN_ALICE,PC-ALI-01,https://aws-s3-backup-storage.internal/upload
HTTP-101002,2024-03-20 03:43:00,USER_BENIGN_ALICE,PC-ALI-01,https://aws-s3-backup-storage.internal/upload
HTTP-101003,2024-03-20 03:23:00,USER_BENIGN_ALICE,PC-ALI-01,https://aws-s3-backup-storage.internal/upload
HTTP-101004,2024-03-20 03:41:00,USER_BENIGN_ALICE,PC-ALI-01,https://aws-s3-backup-storage.internal/upload
HTTP-101005,2024-03-20 03:45:00,USER_BENIGN_ALICE,PC-ALI-01,https://aws-s3-backup-storage.internal/upload
HTTP-101006,2024-03-20 03:32:00,USER_BENIGN_ALICE,PC-ALI-01,https://aws-s3-backup-storage.internal/upload
HTTP-101007,2024-03-20 03:17:00,USER_BENIGN_ALICE,PC-ALI-01,https://aws-s3-backup-storage.internal/upload
HTTP-101008,2024-03-20 03:39:00,USER_BENIGN_ALICE,PC-ALI-01,https://aws-s3-backup-storage.internal/upload
HTTP-101009,2024-03-20 03:11:00,USER_BENIGN_ALICE,PC-ALI-01,https://aws-s3-backup-storage.internal/upload
